video_id,chaine,abonnes,publiee,titre,url,entite,signaux,types_signaux,force,indices_commerciaux,extrait
q_UVezoLzaQ,Michou,11000000,2022-05-08,ÉNORME MATCH DE HOCKEY SUR GLACE ENTRE YOUTUBEURS et STREAMEURS ! (ptdrrr on sait pas patiner),https://www.youtube.com/watch?v=q_UVezoLzaQ,CNIEL,Produits Laitiers,chaine YouTube,faible,remerciement,…UR GLACE ENTRE YOUTUBEURS et STREAMEURS ! (ptdrrr on sait pas patiner) ⏎ Merci au produits laitiers ainsi qu'à la Fédération française de Hockey sur glace de nous avoir accompagné sur ce projet ! ⏎  ⏎ Salut ! Aujourd'hui nouvelle vidéo ! Dans…
gP5Ww9PpmKU,Inoxtag,9470000,2024-09-20,On répond à vos question sur KAIZEN ! (Ft. Mathis),https://www.youtube.com/watch?v=gP5Ww9PpmKU,CNIEL,Produits Laitiers,chaine YouTube,faible,partenariat | remerciement,"…this) ⏎ Merci à mes partenaires air up, Nike, Deezer, Fitness Park, Erborian, Les Produits Laitiers, Orange, et Therm-ic de m’avoir accompagné et soutenu dans ce projet fou ! ⏎  ⏎ Air-up : https://shop.air-up.com/fr/fr/campaign/inoxtag-everes…"
qUmIq8vPP4Y,Inoxtag,9470000,2022-08-13,24h à la ferme ! (C’était incroyable),https://www.youtube.com/watch?v=qUmIq8vPP4Y,CNIEL,Produits Laitiers,chaine YouTube,faible,partenariat | remerciement,"…sitez pas à lâcher votre meilleur pouce bleu et à vous abonner.  ⏎  ⏎ Merci aux Produits Laitiers d’être le partenaire de cette vidéo et merci à  Stervio, Charlotte et Marc pour leurs accueils. ⏎  ⏎ Chaine de Stervio: https://youtube.com/c/…"
GisPhmsJbFM,Inoxtag,9470000,2020-08-15,Qui sont les meilleurs Croûtons ? (Compétition d'activités dans la villa en Corse),https://www.youtube.com/watch?v=GisPhmsJbFM,CNIEL,Produits Laitiers,chaine YouTube,faible,remerciement,"…et commenter !   ⏎ 🎥Chaîne secondaire: https://bit.ly/2TnCBfm ⏎  ⏎ Merci aux Produits Laitiers pour nous avoir financer le voyage ! Prenez un pti dej c’est important !  ⏎ 💙T'abonner: https://bit.ly/2Licu2N ⏎ 🔔✅Activez la cloche de noti…"
TK2KM-buw7E,Valouzz,3280000,2024-03-20,Je mange comme mon perso pendant 15 jours ! (dans quoi je m'embarque),https://www.youtube.com/watch?v=TK2KM-buw7E,INTERBEV,Aimez la viande,chaine YouTube,faible,,…mmeTonPerso ⏎   ⏎ Découvrez-en plus sur https://naturellement-flexitariens.fr ⏎ Aimez la viande. Mangez
XgW3Nnskq8Q,Inoxtag 2.0,3140000,2026-06-27,Dégustation dans le plus grand buffet d’Europe et je découvre ma nouvelle voiture (ft.GMK),https://www.youtube.com/watch?v=XgW3Nnskq8Q,CNIEL,Produits Laitiers,chaine YouTube,faible,remerciement,…lus grand buffet d’Europe et je découvre ma nouvelle voiture (ft.GMK) ⏎ Merci aux Produits Laitiers de nous avoir accompagnés sur ce projet et cette dégustation du plus grand plateau de fromage au monde !  Pour celles et ceux qui voudraient d…
I2WBnKFCUB4,Djilsi,2350000,2021-11-13,ROULETTE RUSSE À GAGES 2 (les gages sont clairement abusés on va pas se mentir),https://www.youtube.com/watch?v=I2WBnKFCUB4,INTERBEV,#EnjoyItsFromEurope,hashtag,faible,partenariat | remerciement,"…re, pour vous proposer des rendez-vous fromage à votre goût #EuropeHomeOfCheese #EnjoyItsFromEurope  ⏎  ⏎ J’espère que ça vous a plu sincèrement. Ca a été tellement d’énergie, de travail, de sensations…Maintenant cette Roulette Russe 2 est…"
7OOEjgDQzpg,LORIS GIULIANO,1920000,2022-10-26,LORIS - L'AMOUR SANS SEXE - ABIDJAN,https://www.youtube.com/watch?v=7OOEjgDQzpg,CNIEL,Produits Laitiers,chaine YouTube,faible,remerciement,…//www.facebook.com/GiulianoLoris/ ⏎  ⏎ Le Tour du Monde avec Loris  ⏎ Merci aux Produits Laitiers de me permettre de faire ce tour du Monde ❤️
UYuu8qpZkxY,LORIS GIULIANO,1920000,2022-06-20,LORIS - LA FAVELA - BRÉSIL,https://www.youtube.com/watch?v=UYuu8qpZkxY,CNIEL,Produits Laitiers,chaine YouTube,faible,remerciement,…//www.facebook.com/GiulianoLoris/ ⏎  ⏎ Le Tour du Monde avec Loris  ⏎ Merci aux Produits Laitiers de me permettre de faire ce tour du Monde ❤️
3rIlVfqlYTM,LORIS GIULIANO,1920000,2022-05-24,LORIS - LE CARNAVAL - MARTINIQUE,https://www.youtube.com/watch?v=3rIlVfqlYTM,CNIEL,Produits Laitiers,chaine YouTube,faible,remerciement,…://streamlink.to/Bateausurleau ⏎  ⏎  ⏎ Le Tour du Monde avec Loris  ⏎ Merci aux Produits Laitiers de me permettre de faire ce tour du Monde ❤️
GZVw5GK25Jk,LORIS GIULIANO,1920000,2022-04-14,LORIS - LA SAINT-VALENTIN - ABIDJAN,https://www.youtube.com/watch?v=GZVw5GK25Jk,CNIEL,Produits Laitiers,chaine YouTube,faible,remerciement,…//www.facebook.com/GiulianoLoris/ ⏎  ⏎ Le Tour du Monde avec Loris  ⏎ Merci aux Produits Laitiers de me permettre de faire ce tour du Monde ❤️
vEXhKhbK1tg,LORIS GIULIANO,1920000,2022-02-21,LORIS - LE BONHEUR - MBOUR SÉNÉGAL,https://www.youtube.com/watch?v=vEXhKhbK1tg,CNIEL,Produits Laitiers,chaine YouTube,faible,remerciement,…//www.facebook.com/GiulianoLoris/ ⏎  ⏎ Le Tour du Monde avec Loris  ⏎ Merci aux Produits Laitiers de me permettre de faire ce tour du Monde ❤️
Z7ycXlcN2w0,LORIS GIULIANO,1920000,2022-01-20,LORIS - AMITIÉ HOMME / FEMME - DAKAR,https://www.youtube.com/watch?v=Z7ycXlcN2w0,CNIEL,Produits Laitiers,chaine YouTube,faible,remerciement,…//www.facebook.com/GiulianoLoris/ ⏎  ⏎ Le Tour du Monde avec Loris  ⏎ Merci aux Produits Laitiers de me permettre de faire ce tour du Monde ❤️
mdqnu5rn3ow,LORIS GIULIANO,1920000,2021-09-24,LORIS - LES BOITES DE NUIT,https://www.youtube.com/watch?v=mdqnu5rn3ow,CNIEL,Produits Laitiers,chaine YouTube,faible,remerciement,…//www.facebook.com/GiulianoLoris/ ⏎  ⏎ Le Tour du Monde avec Loris  ⏎ Merci aux Produits Laitiers de me permettre de faire ce tour du Monde ❤️
o-A314iXmEw,LORIS GIULIANO,1920000,2021-05-24,LORIS - LES TERRASSES - BRUXELLES,https://www.youtube.com/watch?v=o-A314iXmEw,CNIEL,Produits Laitiers,chaine YouTube,faible,remerciement,…//www.facebook.com/GiulianoLoris/ ⏎  ⏎ Le Tour du Monde avec Loris  ⏎ Merci aux Produits Laitiers de me permettre de faire ce tour du Monde ❤️
hSx0FwkMLsM,LORIS GIULIANO,1920000,2021-04-11,LORIS - LOVE AND SEX - NEW YORK,https://www.youtube.com/watch?v=hSx0FwkMLsM,CNIEL,Produits Laitiers,chaine YouTube,faible,remerciement,…//www.facebook.com/GiulianoLoris/ ⏎  ⏎ Le Tour du Monde avec Loris  ⏎ Merci aux Produits Laitiers de me permettre de faire ce tour du Monde ❤️
mZL4VzHapTY,LORIS GIULIANO,1920000,2021-03-18,LORIS - BIKERS / COWBOYS - TEXAS,https://www.youtube.com/watch?v=mZL4VzHapTY,CNIEL,Produits Laitiers,chaine YouTube,faible,remerciement,…//www.facebook.com/GiulianoLoris/ ⏎  ⏎ Le Tour du Monde avec Loris  ⏎ Merci aux Produits Laitiers de me permettre de faire ce tour du Monde ❤️
YykAzF8MqA4,LORIS GIULIANO,1920000,2020-03-04,LORIS - LE CARNAVAL - RIO DE JANEIRO,https://www.youtube.com/watch?v=YykAzF8MqA4,CNIEL,Produits Laitiers,chaine YouTube,faible,remerciement,…es moi en commentaire dans quels pays vous voulez que j'aille :) ⏎  ⏎ Merci aux Produits Laitiers de me permettre de faire ce tour du Monde ❤️
cmq-9E5CdQg,LORIS GIULIANO,1920000,2020-02-16,LORIS - LE DRIFT - LOS ANGELES,https://www.youtube.com/watch?v=cmq-9E5CdQg,CNIEL,Produits Laitiers,chaine YouTube,faible,remerciement,…es moi en commentaire dans quels pays vous voulez que j'aille :) ⏎  ⏎ Merci aux Produits Laitiers de me permettre de faire ce tour du Monde ❤️
lg0IsC_8EnU,LORIS GIULIANO,1920000,2020-02-09,LORIS - GUADELOUPE,https://www.youtube.com/watch?v=lg0IsC_8EnU,CNIEL,Produits Laitiers,chaine YouTube,faible,remerciement,…es moi en commentaire dans quels pays vous voulez que j'aille :) ⏎  ⏎ Merci aux Produits Laitiers de me permettre de faire ce tour du Monde ❤️
JwmmUvS78AM,LORIS GIULIANO,1920000,2020-01-28,LORIS - MONTRÉAL - CANADA,https://www.youtube.com/watch?v=JwmmUvS78AM,CNIEL,Produits Laitiers,chaine YouTube,faible,remerciement,…es moi en commentaire dans quels pays vous voulez que j'aille :) ⏎  ⏎ Merci aux Produits Laitiers de me permettre de faire ce tour du Monde ❤️
M5iLgoVSykM,LORIS GIULIANO,1920000,2020-01-15,LORIS - DOUBLE JOUR DE L'AN - AUCKLAND/RAROTONGA,https://www.youtube.com/watch?v=M5iLgoVSykM,CNIEL,Produits Laitiers,chaine YouTube,faible,remerciement,…es moi en commentaire dans quels pays vous voulez que j'aille :) ⏎  ⏎ Merci aux Produits Laitiers de me permettre de faire ce tour du Monde ❤️
s1XA1BHUX_s,LORIS GIULIANO,1920000,2019-11-22,LORIS - LES OFF - TOUR DE FRANCE,https://www.youtube.com/watch?v=s1XA1BHUX_s,CNIEL,Produits Laitiers,chaine YouTube,faible,remerciement,…w.facebook.com/GiulianoLoris/ ⏎  ⏎ Le Tour de France avec Loris  ⏎  ⏎ Merci aux Produits Laitiers pour ce tour de France ❤️
SCm_UNf8xAs,LORIS GIULIANO,1920000,2019-11-14,LORIS - MERCI - NANTES ANGERS PARIS,https://www.youtube.com/watch?v=SCm_UNf8xAs,CNIEL,Produits Laitiers,chaine YouTube,faible,remerciement,…w.facebook.com/GiulianoLoris/ ⏎  ⏎ Le Tour de France avec Loris  ⏎  ⏎ Merci aux Produits Laitiers pour ce tour de France ❤️
ViL5tLYF_Xo,LORIS GIULIANO,1920000,2019-11-04,LORIS - LA FERME - MAËL CARHAIX,https://www.youtube.com/watch?v=ViL5tLYF_Xo,CNIEL,Produits Laitiers,chaine YouTube,faible,remerciement,…en commentaire dans quelles villes vous voulez que je vienne :) ⏎  ⏎ Merci aux Produits Laitiers de me permettre de faire ce tour de France ❤️
s_Gbs-Scp-A,LORIS GIULIANO,1920000,2019-10-31,LORIS - LA PMA - RENNES,https://www.youtube.com/watch?v=s_Gbs-Scp-A,CNIEL,Produits Laitiers,chaine YouTube,faible,remerciement,…en commentaire dans quelles villes vous voulez que je vienne :) ⏎  ⏎ Merci aux Produits Laitiers de me permettre de faire ce tour de France ❤️
cejlgIeVzQg,LORIS GIULIANO,1920000,2019-10-28,LORIS - INÉGALITÉS HOMMES/FEMMES - ROUEN,https://www.youtube.com/watch?v=cejlgIeVzQg,CNIEL,Produits Laitiers,chaine YouTube,faible,remerciement,…en commentaire dans quelles villes vous voulez que je vienne :) ⏎  ⏎ Merci aux Produits Laitiers de me permettre de faire ce tour de France ❤️
92J7_p8nvDw,LORIS GIULIANO,1920000,2019-10-23,LORIS - LES PRODUITS LAITIERS - CAEN,https://www.youtube.com/watch?v=92J7_p8nvDw,CNIEL,Produits Laitiers,chaine YouTube,faible,remerciement,LORIS - LES PRODUITS LAITIERS - CAEN ⏎ Abonnez-vous à ma chaîne ! ⏎  ⏎ INSTAGRAM : https://www.instagram.com/loris.giuliano/ ⏎ TWITTER : https://twitter.com/Loris_Giuliano ⏎ FACEBOOK : https://www.facebook.com/GiulianoLoris/ ⏎  ⏎ Le Tour de F…
ABbTFvW0vJo,LORIS GIULIANO,1920000,2019-10-16,LORIS - LA FRANCE - BRUXELLES,https://www.youtube.com/watch?v=ABbTFvW0vJo,CNIEL,Produits Laitiers,chaine YouTube,faible,remerciement,…en commentaire dans quelles villes vous voulez que je vienne :) ⏎  ⏎ Merci aux Produits Laitiers de me permettre de faire ce tour de France ❤️
7budxtYR8eo,LORIS GIULIANO,1920000,2019-10-10,LORIS - LES SITES DE RENCONTRES - LILLE,https://www.youtube.com/watch?v=7budxtYR8eo,CNIEL,Produits Laitiers,chaine YouTube,faible,remerciement,…en commentaire dans quelles villes vous voulez que je vienne :) ⏎  ⏎ Merci aux Produits Laitiers de me permettre de faire ce tour de France ❤️
YxeACzXxQ7s,LORIS GIULIANO,1920000,2019-10-04,LORIS - L'ARRESTATION - DIJON,https://www.youtube.com/watch?v=YxeACzXxQ7s,CNIEL,Produits Laitiers,chaine YouTube,faible,remerciement,…en commentaire dans quelles villes vous voulez que je vienne :) ⏎  ⏎ Merci aux Produits Laitiers de me permettre de faire ce tour de France ❤️
heJqGU0UR44,LORIS GIULIANO,1920000,2019-09-30,LORIS - JACQUES CHIRAC - STRASBOURG,https://www.youtube.com/watch?v=heJqGU0UR44,CNIEL,Produits Laitiers,chaine YouTube,faible,remerciement,…en commentaire dans quelles villes vous voulez que je vienne :) ⏎  ⏎ Merci aux Produits Laitiers de me permettre de faire ce tour de France ❤️
o5zvY-1O6bc,LORIS GIULIANO,1920000,2019-09-27,LORIS - L'ALCOOL - CLERMONT FERRAND,https://www.youtube.com/watch?v=o5zvY-1O6bc,CNIEL,Produits Laitiers,chaine YouTube,faible,remerciement,…en commentaire dans quelles villes vous voulez que je vienne :) ⏎  ⏎ Merci aux Produits Laitiers de me permettre de faire ce tour de France ❤️
pFTXagiX2Rw,LORIS GIULIANO,1920000,2019-09-24,LORIS - LA PROSTITUTION - LYON,https://www.youtube.com/watch?v=pFTXagiX2Rw,CNIEL,Produits Laitiers,chaine YouTube,faible,remerciement,…en commentaire dans quelles villes vous voulez que je vienne :) ⏎  ⏎ Merci aux Produits Laitiers de me permettre de faire ce tour de France ❤️
scKwDXeNpCw,LORIS GIULIANO,1920000,2019-09-12,LORIS - LA CORSE - AJACCIO,https://www.youtube.com/watch?v=scKwDXeNpCw,CNIEL,Produits Laitiers,chaine YouTube,faible,remerciement,…en commentaire dans quelles villes vous voulez que je vienne :) ⏎  ⏎ Merci aux Produits Laitiers de me permettre de faire ce tour de France ❤️
7Yrcydd0OAw,LORIS GIULIANO,1920000,2019-09-10,LORIS - LES QUARTIERS NORD - MARSEILLE,https://www.youtube.com/watch?v=7Yrcydd0OAw,CNIEL,Produits Laitiers,chaine YouTube,faible,remerciement,…en commentaire dans quelles villes vous voulez que je vienne :) ⏎  ⏎ Merci aux Produits Laitiers de me permettre de faire ce tour de France ❤️
u-Cu9TEpsj8,LORIS GIULIANO,1920000,2019-09-06,LORIS - L'ÉCOLOGIE - MONTPELLIER,https://www.youtube.com/watch?v=u-Cu9TEpsj8,CNIEL,Produits Laitiers,chaine YouTube,faible,remerciement,…en commentaire dans quelles villes vous voulez que je vienne :) ⏎  ⏎ Merci aux Produits Laitiers de me permettre de faire ce tour de France ❤️
tVkS7WYI6Yo,LORIS GIULIANO,1920000,2019-09-02,LORIS - HOMOPHOBIE DANS LES STADES - MARSEILLE,https://www.youtube.com/watch?v=tVkS7WYI6Yo,CNIEL,Produits Laitiers,chaine YouTube,faible,remerciement,…en commentaire dans quelles villes vous voulez que je vienne :) ⏎  ⏎ Merci aux Produits Laitiers de me permettre de faire ce tour de France ❤️
YaYSolZhTCA,LORIS GIULIANO,1920000,2019-08-29,LORIS - L'ÉCHANGISME - CAP D'AGDE,https://www.youtube.com/watch?v=YaYSolZhTCA,CNIEL,Produits Laitiers,chaine YouTube,faible,remerciement,…en commentaire dans quelles villes vous voulez que je vienne :) ⏎  ⏎ Merci aux Produits Laitiers de me permettre de faire ce tour de France ❤️
FHkBVl5lKVE,LORIS GIULIANO,1920000,2019-08-26,LORIS - LES RÉSEAUX SOCIAUX - TOULOUSE,https://www.youtube.com/watch?v=FHkBVl5lKVE,CNIEL,Produits Laitiers,chaine YouTube,faible,remerciement,…en commentaire dans quelles villes vous voulez que je vienne :) ⏎  ⏎ Merci aux Produits Laitiers de me permettre de faire ce tour de France ❤️
lo5Pii_ZLOk,LORIS GIULIANO,1920000,2019-08-22,LORIS - LES FANTASMES - BORDEAUX,https://www.youtube.com/watch?v=lo5Pii_ZLOk,CNIEL,Produits Laitiers,chaine YouTube,faible,remerciement,…en commentaire dans quelles villes vous voulez que je vienne :) ⏎  ⏎ Merci aux Produits Laitiers de me permettre de faire ce tour de France ❤️
HOx2mZcqVjs,RebeuDeter,1060000,2023-09-14,On s'envoie sur une île avec Amine 🏝️,https://www.youtube.com/watch?v=HOx2mZcqVjs,CNIEL,Produits Laitiers,chaine YouTube,faible,collaboration | remerciement,"…'ile sort directement de Toriko tellement c'était bon ⏎  ⏎  ⏎ Un gros merci aux produits laitiers pour cette collab, on a passé un moment incroyable !  ⏎ Cette vidéo inclu une collaboration commerciale. ⏎  ⏎ On se retrouve très très bientôt…"
zZ11xl-SnXA,RebeuDeter,1060000,2022-02-26,Ma première fois avec Amine au ski,https://www.youtube.com/watch?v=zZ11xl-SnXA,CNIEL,Produits Laitiers,chaine YouTube,faible,remerciement,…avec un petit chocolat chaud parce que c'est assez long sah et un grand merci à Produits Laitiers pour la connexion avec la région ❤ ⏎  ⏎ Réseaux Billy ⬇️ ⏎  ⏎ Insta : https://www.instagram.com/rebeudeter ⏎ Twitter : https://www.twitter.com…
nv5_ZPF0WVA,RebeuDeter,1060000,2021-12-18,On a visité le fin fond de la France avec Amine,https://www.youtube.com/watch?v=nv5_ZPF0WVA,CNIEL,Produits Laitiers,chaine YouTube,faible,remerciement,…ngueries et goûter des bons plats bien locaux bien nationalistes ⏎  ⏎ Merci aux produits laitiers pour cette collab on a trop rigolé ! prenez soin de vous la miff bisou ⏎  ⏎ Réseaux Billy ⬇️ ⏎  ⏎ Insta : https://www.instagram.com/rebeudeter…
2Xigk6PNknE,FlorianOnAir,734000,2025-03-06,"Mars , c'est le mois de la Volaille Française !",https://www.youtube.com/watch?v=2Xigk6PNknE,ANVOL,Le Mois de la Volaille Francaise,nom de campagne,fort,,"Mars , c'est le mois de la Volaille Française !"
aV_m2lmjWjo,FlorianOnAir,734000,2021-05-28,Je fais des PÂTES BOLOGNAISE pour les élèves d'un lycée ! Vont-ils aimer?,https://www.youtube.com/watch?v=aV_m2lmjWjo,INTERBEV,Made in Viande,nom d'operation,faible,,"…imer? ⏎ Cette semaine (jusqu'au 31 mai) ont lieu partout en France les rencontres Made in Viande, les portes ouvertes de la filière élevage et viande, qui permettent d'aller à la rencontre de tous les professionnels et de découvrir les métier…"
-cXraEfY9-I,FlorianOnAir,734000,2021-05-27,On m'embauche dans une BOUCHERIE... et je KIFFE !,https://www.youtube.com/watch?v=-cXraEfY9-I,INTERBEV,Made in Viande,nom d'operation,faible,,"…FFE ! ⏎ Cette semaine (jusqu'au 31 mai) ont lieu partout en France les rencontres Made in Viande, les portes ouvertes de la filière élevage et viande, qui permettent d'aller à la rencontre de tous les professionnels et de découvrir les métier…"
BkFXFu1Bar8,FlorianOnAir,734000,2021-05-26,Il a créé 1000 emplois dans sa région - Je découvre un atelier de découpe!,https://www.youtube.com/watch?v=BkFXFu1Bar8,INTERBEV,Made in Viande,nom d'operation,faible,,"…oupe! ⏎ Cette semaine (jusqu'au 31 mai) ont lieu partout en France les rencontres Made in Viande, les portes ouvertes de la filière élevage et viande, qui permettent d'aller à la rencontre de tous les professionnels et de découvrir les métier…"
iUF2Duowqow,FlorianOnAir,734000,2021-05-25,J'achète des VACHES avec un COMMERÇANT en BESTIAUX!,https://www.youtube.com/watch?v=iUF2Duowqow,INTERBEV,Made in Viande,nom d'operation,faible,,"…IAUX! ⏎ Cette semaine (jusqu'au 31 mai) ont lieu partout en France les rencontres Made in Viande, les portes ouvertes de la filière élevage et viande, qui permettent d'aller à la rencontre de tous les professionnels et de découvrir les métier…"
HUJAmqKEuwk,FlorianOnAir,734000,2021-05-24,Je vis la vie d'un ELEVEUR d'OVINS !,https://www.youtube.com/watch?v=HUJAmqKEuwk,INTERBEV,Made in Viande,nom d'operation,faible,,"…INS ! ⏎ Cette semaine (jusqu'au 31 mai) ont lieu partout en France les rencontres Made in Viande, les portes ouvertes de la filière élevage et viande, qui permettent d'aller à la rencontre de tous les professionnels et de découvrir les métier…"
aEtOTdyWtqs,FlorianOnAir,734000,2021-05-23,Ce TAUREAU me fait FLIPPER ! J'aide un éleveur de BOVINS !,https://www.youtube.com/watch?v=aEtOTdyWtqs,INTERBEV,Made in Viande,nom d'operation,faible,,"…INS ! ⏎ Cette semaine (jusqu'au 31 mai) ont lieu partout en France les rencontres Made in Viande, les portes ouvertes de la filière élevage et viande, qui permettent d'aller à la rencontre de tous les professionnels et de découvrir les métier…"
qmw7pnr2b2A,Bonne Pitance,349000,2024-03-01,Épisode 23 : Coq au Vin Jaune ! Partie 2 #food #recette #cuisine #viande #france #foodie,https://www.youtube.com/watch?v=qmw7pnr2b2A,INTERBEV,#Viande,hashtag,faible,,Épisode 23 : Coq au Vin Jaune ! Partie 2 #food #recette #cuisine #viande #france #foodie
8EXx_AuULwA,Bonne Pitance,349000,2024-03-01,Épisode 23 : Coq au Vin Jaune ! Partie 1 #food #recette #cuisine #viande #france #foodie,https://www.youtube.com/watch?v=8EXx_AuULwA,INTERBEV,#Viande,hashtag,faible,,Épisode 23 : Coq au Vin Jaune ! Partie 1 #food #recette #cuisine #viande #france #foodie
OJOtXwf0gY0,Bonne Pitance,349000,2024-02-28,Tartare de boeuf ! Partie 2 #food #recette #cuisine #viande #tartare,https://www.youtube.com/watch?v=OJOtXwf0gY0,INTERBEV,#Viande,hashtag,faible,,Tartare de boeuf ! Partie 2 #food #recette #cuisine #viande #tartare
ULY0LmxQoSc,Bonne Pitance,349000,2024-02-28,Tartare de boeuf ! Partie 1 #food #recette #cuisine #viande #tartare,https://www.youtube.com/watch?v=ULY0LmxQoSc,INTERBEV,#Viande,hashtag,faible,,Tartare de boeuf ! Partie 1 #food #recette #cuisine #viande #tartare
WBa8Ci2k77E,Check,122000,2021-09-19,"Sam’s, Jean-Pascal Zadi, Hakim Jemili & Friends #CheckFood",https://www.youtube.com/watch?v=WBa8Ci2k77E,CNIEL,Produits Laitiers,chaine YouTube,faible,partenariat,…u fromage bien sûr. ⏎  ⏎ Toujours en partenariat avec nos amis pour la vie: Les Produits Laitiers 🧀❤️ ⏎  ⏎ Animation: Sam’s ⏎ Chef: Khánh-Ly Huynh ⏎ Rédac. Chef / journaliste: Martin Vachiery ⏎ Réalisation et Montage : Alexandre Brehm ⏎ Cam…
NMDUL6oIP-A,Check,122000,2021-04-21,"S.Pri Noir, Mister V, Still Fresh et le Chef Pincemin #CheckFood",https://www.youtube.com/watch?v=NMDUL6oIP-A,CNIEL,Produits Laitiers,chaine YouTube,faible,partenariat,…u fromage bien sûr. ⏎  ⏎ Toujours en partenariat avec nos amis pour la vie: Les Produits Laitiers 🧀❤️ ⏎  ⏎ Animation: S.Pri Noir ⏎ Chef: Xavier Pincemin ⏎ Rédac. Chef / journaliste: Martin Vachiery ⏎ Réalisation et Montage : Alexandre Brehm…
bLQ_UrBYgoA,Check,122000,2021-02-27,"Gazo, Tiakola, Landy & le BSB Gang #CheckFood​",https://www.youtube.com/watch?v=bLQ_UrBYgoA,CNIEL,Produits Laitiers,chaine YouTube,faible,partenariat,…terminer le repas ! ⏎  ⏎ Toujours en partenariat avec nos amis pour la vie: Les Produits Laitiers 🧀❤️ ⏎  ⏎ Animation: Gazo ⏎ Rédac. Chef / journaliste: Martin Vachiery ⏎ Réalisation et Montage : Alexandre Brehm ⏎ Cam 2: Hugo Bembi ⏎ Photos:…
efkbEp9LzCk,Check,122000,2020-11-08,"Medine, Youssoupha, Lino, Oxmo Puccino, Rémy et Pirate #CheckFood",https://www.youtube.com/watch?v=efkbEp9LzCk,CNIEL,Produits Laitiers,chaine YouTube,faible,partenariat,…terminer le repas ! ⏎  ⏎ Toujours en partenariat avec nos amis pour la vie: Les Produits Laitiers 🧀❤️ ⏎  ⏎ Animation: Medine ⏎ Rédac. Chef: Martin Vachiery ⏎ Réalisation et Montage : Alexandre Brehm ⏎ Cam 2: Hugo Bembi ⏎ Cam 3: Thomas Cadou…
H0x_Cdhk_5o,Check,122000,2020-10-22,"KIKESA, Seth Gueko, 47Ter, Matou, P.Prod & Haristone #CheckFood",https://www.youtube.com/watch?v=H0x_Cdhk_5o,CNIEL,Produits Laitiers,chaine YouTube,faible,partenariat,…terminer le repas ! ⏎  ⏎ Toujours en partenariat avec nos amis pour la vie: Les Produits Laitiers 🧀❤️ ⏎  ⏎ Animation: Kikesa ⏎ Rédac. Chef: Martin Vachiery ⏎ Réalisation et Montage : Alexandre Brehm ⏎ Image (ou CAM B) : Thomas Cadoux ⏎ Phot…
4Hlmi8kDjeE,Check,122000,2019-12-25,"Alkpote, Caballero & JeanJass, Seb et Mehdi Maïzi + guests #CheckFood",https://www.youtube.com/watch?v=4Hlmi8kDjeE,CNIEL,Produits Laitiers,chaine YouTube,faible,partenariat | remerciement,"…design: David Martin ⏎ Direction artistique: Back in the Dayz ⏎ Partenaire: Les Produits Laitiers ⏎ Chargées de production: Sarah Notard, Eponine Begeja ⏎ Production: Digizik ⏎  ⏎ ——— ⏎ Culture - musique - fooding - société, bienvenue dans…"
VfY04ENfC3w,Check,122000,2019-11-15,Alkpote & Philippe Katerine #CheckFood,https://www.youtube.com/watch?v=VfY04ENfC3w,CNIEL,Produits Laitiers,chaine YouTube,faible,partenariat,"…un concept inédit : une ville, un artiste, un fromage. En partenariat avec les Produits Laitiers (nos amis pour la vie). ⏎  ⏎ ——— ⏎ Culture - musique - fooding - société, bienvenue dans la galaxie Check. Une nouvelle vidéo chaque semaine.…"
EpzHxNBOcrs,Check,122000,2019-09-20,Alkpote & Roi Heenok #CheckFood,https://www.youtube.com/watch?v=EpzHxNBOcrs,CNIEL,Produits Laitiers,chaine YouTube,faible,partenariat,"…un concept inédit : une ville, un artiste, un fromage. En partenariat avec les Produits Laitiers (nos amis pour la vie). ⏎  ⏎ ——— ⏎ Culture - musique - fooding - société, bienvenue dans la galaxie Check. Une nouvelle vidéo chaque semaine.…"
uXKO48o9DAI,Check,122000,2019-03-28,Alkpote & Jok'air #CheckFood,https://www.youtube.com/watch?v=uXKO48o9DAI,CNIEL,Produits Laitiers,chaine YouTube,faible,partenariat,"…un concept inédit : une ville, un artiste, un fromage. En partenariat avec les Produits Laitiers (nos amis pour la vie). ⏎  ⏎ ——— ⏎ Culture - musique - fooding - société, bienvenue dans la galaxie Check. Une nouvelle vidéo chaque semaine.…"
38vtxSjzi9Y,Check,122000,2019-03-07,Gaëlle Garcia Diaz & KIKESA #CheckFood,https://www.youtube.com/watch?v=38vtxSjzi9Y,CNIEL,Produits Laitiers,chaine YouTube,faible,collaboration,"…Charlicot (Paris, 11), toujours en collaboration avec nos amis pour la vie, les Produits Laitiers. ⏎  ⏎ Suivez KIKESA sur tous ses réseaux, et allez le voir à l’Olympia le 26 octobre 2019 ! ⏎  ⏎ Après avoir sillonné les restos bruxellois, c…"
Yc4r1SzVb4Y,Check,122000,2019-02-08,Gaëlle Garcia Diaz & Alkpote #CheckFood,https://www.youtube.com/watch?v=Yc4r1SzVb4Y,CNIEL,Produits Laitiers,chaine YouTube,faible,partenariat,"…t: une ville, un artiste, un fromage. ⏎  ⏎ Une collaboration exclusive avec Les Produits Laitiers (nos amis pour la vie), présentée par Gaëlle Garcia Diaz. ⏎  ⏎ ——— ⏎ Culture - musique - fooding - société, bienvenue dans la galaxie Check. U…"
p9C3qqWogno,Le Paris d'Alexis,71100,2023-04-30,Le meilleur buffet à volonté de Paris !,https://www.youtube.com/watch?v=p9C3qqWogno,CNIEL,CHAUD !,nom de serie,faible,,"…eau grillés, oeufs mimosa…). ⏎  ⏎ 🔥 Tu trouveras aussi un buffet pour les plats chaud ! Et autant vous dire que c’est DELICIEUX !! Lorsque je suis venu, il y avait (entre autre) : des ribs de boeuf, de la moussaka, de la ratatouille, du pou…"
0yjPelwpyBY,Maître CoQ,5080,2013-11-24,Transat Jacques Vabre : un passage de ligne très très chaud !,https://www.youtube.com/watch?v=0yjPelwpyBY,CNIEL,CHAUD !,nom de serie,faible,,"Transat Jacques Vabre : un passage de ligne très très chaud ! ⏎ L'Imoca60 Maître CoQ de Jérémie Beyou et Christopher Pratt a pris la 3è place sur le podium, après PRB et Safran. La course a été extrêmement intense : Maître CoQ est arrivé 3h30…"
C4o8zYlIFgU,AgenceBio,2670,2021-03-11,"Replay La Quotidienne ""Dossier BIO"" avec Philippe Henry et Christophe Audoin en ambassadeurs du bio",https://www.youtube.com/watch?v=C4o8zYlIFgU,CNIEL,Produits Laitiers,chaine YouTube,faible,,"…mai dernier. Réglementation, production, marché bio français, un focus sur les produits laitiers, réponses aux téléspectateurs, ils parlent sans détour."
90or2jT6LNk,AgenceBio,2670,2018-07-09,De la terre à l'assiette - épisode 15,https://www.youtube.com/watch?v=90or2jT6LNk,CNIEL,Produits Laitiers,chaine YouTube,faible,,"De la terre à l'assiette - épisode 15 ⏎ Des produits laitiers bio réalisés à partir de lait local, à découvrir dans ce nouvel épisode de ""De la Terre à l'assiette"" !  ⏎  ⏎ Ceci est un programme court élaboré par l'Agence BIO. ⏎ Ces films ont…"
WrXyCPlltGU,Ophély Mézino,1750,2022-03-11,"Weekly #VLOG n°1: PARIS FASHION WEEK, ÉVÈNEMENTS, UNE SEMAINE DANS MA VIE 🔥",https://www.youtube.com/watch?v=WrXyCPlltGU,CNIEL,Produits Laitiers,chaine YouTube,faible,,"…: Fashion week, Évènements, Sortie entre amis, salon de l'agriculture avec les produits laitiers et mes galères ...  ⏎  ⏎ Bienvenue sur ma chaîne YouTube ♥️. Mode, beauté, voyage, découverte et lifestyle, tu retrouveras tout ce qui me plaî…"
g3C1O-tHxTE,Marché de Rungis,1320,2024-04-04,Retour en images sur la 2ème Grande Chasse à l’Œuf au Marché International de Rungis 🐣🐤🥚,https://www.youtube.com/watch?v=g3C1O-tHxTE,CNIEL,Produits Laitiers,chaine YouTube,faible,partenariat | remerciement,"…28 mars 2024 aux pavillons D4 et D5 du Marché International de Rungis (Secteur Produits Laitiers)… ⏎  ⏎ Laissez-vous porter par la chaleureuse ambiance du Marché de Rungis ❤️😊 ⏎  ⏎ Un grand Merci à nos partenaires, SYCOPLA et Stratégie Gou…"
IUZpTS-6e8k,Marché de Rungis,1320,2023-10-16,Festival des Produits Laitiers 2023,https://www.youtube.com/watch?v=IUZpTS-6e8k,CNIEL,Produits Laitiers,chaine YouTube,faible,,Festival des Produits Laitiers 2023
2ePeGzu8LWM,Marché de Rungis,1320,2023-07-03,RUNGIS CHEESE CHALLENGE,https://www.youtube.com/watch?v=2ePeGzu8LWM,CNIEL,Produits Laitiers,chaine YouTube,faible,partenariat,"…te deuxième édition,  le Marché de Rungis a révélé des experts de l’univers des produits laitiers lors d’un concours du plus beau plateau de fromages.  ⏎  ⏎ Nous remercions nos partenaires Sycopla, Les Fromagers de l’ile-de-France,  Au From…"
5CFBRpwEuwU,Marché de Rungis,1320,2021-10-26,RUNGIS CHEESE CHALLENGE,https://www.youtube.com/watch?v=5CFBRpwEuwU,CNIEL,Produits Laitiers,chaine YouTube,faible,partenariat,"…e troisième édition,  le Marché de Rungis a révélé des experts de l’univers des produits laitiers lors d’un concours du plus beau plateau de fromages.  ⏎ Nous remercions nos partenaires Sycopla, Fromagers de l’ile-de-France,  Vacherin Fribo…"
WAYbZ91iVU4,Marché de Rungis,1320,2020-12-23,Les Paniers Marché de Rungis x Christophe Saintagne,https://www.youtube.com/watch?v=WAYbZ91iVU4,CNIEL,Produits Laitiers,chaine YouTube,faible,,"…agne ⏎ Imaginer une recette avec des produits de la mer, de la gastronomie et les produits laitiers... Ça vous donne l'eau à la bouche ? Avez-vous déjà rêvé de cuisiner comme un chef pour les fêtes de fin d’année ? Suivez-donc en vidéo la rec…"
LP4Rwu094rc,Volailles Fermières des Landes,681,2021-06-30,Bernard TAUZIA - Président de l'Association des Volailles Fermières des Landes et éleveur landais,https://www.youtube.com/watch?v=LP4Rwu094rc,ANVOL,Volailles Festives,nom de campagne,fort,,"…t avec de petits bâtiments mobiles dans le forêt des Landes. Poulets, pintades, volailles festives, cailles, les Volailles Fermières des Landes Label Rouge signent leur grand retour dans tous les rayons des commerces de France et à l'export…"
Qrt6yDAay64,Naturellement Flexitariens,379,2023-09-05,"Aimez la viande, mangez-en mieux.",https://www.youtube.com/watch?v=Qrt6yDAay64,INTERBEV,"Aimez la viande | Aimez la viande, mangez-en mieux",chaine YouTube | slogan,faible,,"Aimez la viande, mangez-en mieux. ⏎ Être flexitarien, c’est aussi s’engager. ⏎ S’engager à consommer de façon raisonnée en choisissant une viande plus durable, meilleure pour soi et pour nos territoires.  ⏎ Et pour ça, vous pouvez compter sur…"
V5AhSTCRoWA,Naturellement Flexitariens,379,2023-09-05,"Aimez la viande, mangez-en mieux.",https://www.youtube.com/watch?v=V5AhSTCRoWA,INTERBEV,"Aimez la viande | Aimez la viande, mangez-en mieux",chaine YouTube | slogan,faible,,"Aimez la viande, mangez-en mieux. ⏎ Être flexitarien, c’est aussi s’engager. ⏎ S’engager à consommer de façon raisonnée en choisissant une viande plus durable, meilleure pour soi et pour nos territoires.  ⏎ Et pour ça, vous pouvez compter sur…"
BfDX8xrOXvM,Naturellement Flexitariens,379,2023-09-05,"Aimez la viande, mangez-en mieux.",https://www.youtube.com/watch?v=BfDX8xrOXvM,INTERBEV,"Aimez la viande | Aimez la viande, mangez-en mieux",chaine YouTube | slogan,faible,,"Aimez la viande, mangez-en mieux. ⏎ Être flexitarien, c’est aussi s’engager. ⏎ S’engager à consommer de façon raisonnée en choisissant une viande plus durable, meilleure pour soi et pour nos territoires.  ⏎ Et pour ça, vous pouvez compter sur…"
ewn-WuaNaBA,Naturellement Flexitariens,379,2023-03-17,"FLEXIVAL, le festival Naturellement Flexitariens !",https://www.youtube.com/watch?v=ewn-WuaNaBA,INTERBEV,"Aimez la viande | Aimez la viande, mangez-en mieux | Naturellement Flexitariens",chaine YouTube | nom de campagne | slogan,faible,,"FLEXIVAL, le festival Naturellement Flexitariens ! ⏎ À l’occasion de la 59e édition du Salon International de l’Agriculture, la filière Élevage et Viande a convié les visiteurs sur son nouveau stand « Aimez la viande, mangez-en mieux. » pour…"
3IA1CjJ304c,Naturellement Flexitariens,379,2021-09-21,La Sauce de la Paix - Naturellement Flexitariens,https://www.youtube.com/watch?v=3IA1CjJ304c,INTERBEV,Naturellement Flexitariens,nom de campagne,faible,,"La Sauce de la Paix - Naturellement Flexitariens ⏎ Parce qu’on est tous libre de manger ce que l’on veut et que personne ne mange la même chose, Naturellement Flexitariens vous présente « La Sauce de la Paix ». La sauce qui va avec tout et à…"
3FIZyVItA5M,Naturellement Flexitariens,379,2021-09-21,La Sauce de la Paix - Naturellement Flexitariens - 6s,https://www.youtube.com/watch?v=3FIZyVItA5M,INTERBEV,Naturellement Flexitariens,nom de campagne,faible,,"La Sauce de la Paix - Naturellement Flexitariens - 6s ⏎ Parce qu’on est tous libre de manger ce que l’on veut et que personne ne mange la même chose, Naturellement Flexitariens vous présente « La Sauce de la Paix ». La sauce qui va avec tout…"
uKsWyK8iKb0,Naturellement Flexitariens,379,2021-09-21,La Sauce de la Paix - Naturellement Flexitariens - Qui veut...,https://www.youtube.com/watch?v=uKsWyK8iKb0,INTERBEV,Naturellement Flexitariens,nom de campagne,faible,,"La Sauce de la Paix - Naturellement Flexitariens - Qui veut... ⏎ Qui vis pacem, para condimentum, comme disait l’autre. Naturellement Flexitariens vous présente « La Sauce de la Paix ». La sauce qui va avec tout et à tout le monde. Pour enfin…"
fjGFLUdckEA,Naturellement Flexitariens,379,2021-09-21,La Sauce de la Paix - Naturellement Flexitariens - Liberté,https://www.youtube.com/watch?v=fjGFLUdckEA,INTERBEV,Naturellement Flexitariens,nom de campagne,faible,,"La Sauce de la Paix - Naturellement Flexitariens - Liberté ⏎ Parce qu’on est tous libre de manger ce que l’on veut et que personne ne mange la même chose, Naturellement Flexitariens vous présente « La Sauce de la Paix ». La sauce qui va avec…"
5AZjClLGjrk,Naturellement Flexitariens,379,2021-04-12,"Aimez la viande, mangez-en mieux. Thomas revient...",https://www.youtube.com/watch?v=5AZjClLGjrk,INTERBEV,"Aimez la viande | Aimez la viande, mangez-en mieux",chaine YouTube | slogan,faible,,"Aimez la viande, mangez-en mieux. Thomas revient... ⏎ Être flexitarien, c'est être libre de mieux manger, comme Thomas et aussi Camille, Victor, sans oublier Noémie, Maël, ou encore Chloé et Sanaaaaaaaa !"
0DtE05qWHrk,Naturellement Flexitariens,379,2020-08-31,"Aimez la viande, mangez-en mieux. - 2020",https://www.youtube.com/watch?v=0DtE05qWHrk,INTERBEV,"Aimez la viande | Aimez la viande, mangez-en mieux",chaine YouTube | slogan,faible,,"Aimez la viande, mangez-en mieux. - 2020 ⏎ Des éleveurs aux consommateurs, nous pouvons tous avoir un impact positif sur le terroir comme sur notre santé, en mangeant la juste quantité d’une viande de qualité."
D5aGD-cse2k,Naturellement Flexitariens,379,2020-08-31,"Aimez la viande, mangez-en mieux.",https://www.youtube.com/watch?v=D5aGD-cse2k,INTERBEV,"Aimez la viande | Aimez la viande, mangez-en mieux",chaine YouTube | slogan,faible,,"Aimez la viande, mangez-en mieux. ⏎ Des éleveurs aux consommateurs, nous pouvons tous avoir un impact positif sur le terroir comme sur notre santé, en mangeant la juste quantité d’une viande de qualité. ⏎ Version 2020."
u2lizGnqhTE,Naturellement Flexitariens,379,2019-02-18,"Aimez la viande, mangez-en mieux. - 2019",https://www.youtube.com/watch?v=u2lizGnqhTE,INTERBEV,"Aimez la viande | Aimez la viande, mangez-en mieux",chaine YouTube | slogan,faible,,"Aimez la viande, mangez-en mieux. - 2019 ⏎ Des éleveurs aux consommateurs, nous pouvons tous avoir un impact positif sur le terroir comme sur notre santé, en mangeant la juste quantité d’une viande de qualité."
AImmeZ4o13g,Greg Guillotin,4410000,2022-10-26,MAKING OF - Le Pire Projet#3 : on doit repartir à 0 ! Mais on trouve un nouveau piégé très chaud ! 🔥,https://www.youtube.com/watch?v=AImmeZ4o13g,CNIEL,CHAUD !,nom de serie,faible,remerciement,"…Le Pire Projet#3 : on doit repartir à 0 ! Mais on trouve un nouveau piégé très chaud ! 🔥 ⏎ Pour profiter d’une remise exclusive, clique sur mon lien https://nordvpn.com/gregguillotin ⏎ Satisfait ou remboursé pendant les 30 premiers jours !…"
mLZEJLHeJYI,Studio Danielle,1740000,2023-01-02,"Danielle piégée pendant 6 mois (feat Joyca, Jimmy Labeeu, GMK, Momo Henni)",https://www.youtube.com/watch?v=mLZEJLHeJYI,CNIEL,En Mode Actif | Produits Laitiers,chaine YouTube | nom de campagne,fort,collaboration | partenariat | remerciement,"…e à la réalisation de cette vidéo. ⏎  ⏎ Cette vidéo est en partenariat avec Les Produits Laitiers et leur campagne En Mode Actif cofinancée par l'UE, qui vise à lutter contre la sédentarité. ⏎ Collaboration commerciale ⏎  ⏎ Avec l'Europe, p…"
mLZEJLHeJYI,Studio Danielle,1740000,2023-01-02,"Danielle piégée pendant 6 mois (feat Joyca, Jimmy Labeeu, GMK, Momo Henni)",https://www.youtube.com/watch?v=mLZEJLHeJYI,INTERBEV,#EnjoyItsFromEurope,hashtag,faible,collaboration | partenariat | remerciement,"…dentarité. ⏎ Collaboration commerciale ⏎  ⏎ Avec l'Europe, passez en mode actif #Enjoyitsfromeurope 🇪🇺"
R0RYmOZUx-8,Studio Danielle,1740000,2020-08-04,NE SURTOUT PAS RIGOLER,https://www.youtube.com/watch?v=R0RYmOZUx-8,INTERBEV,#EnjoyItsFromEurope,hashtag,faible,partenariat,…izarres! ⏎  ⏎ Cette vidéo est en partenariat avec la filière laitière française #EnjoyitsfromEurope #ToutCommenceAvecLeLait
Z62qEUXOuh4,Studio Danielle,1740000,2020-03-06,ELLE A FINI LA JOURNÉE EN TITUBANT,https://www.youtube.com/watch?v=Z62qEUXOuh4,CNIEL,Produits Laitiers,chaine YouTube,faible,remerciement | sponsor,"…. Et elle a bu de tout, sauf de l'eau. SANS DÉPENSER 1€ LA RADINE ! ⏎ Merci aux Produits Laitiers pour l'invitation au salon et pour la sponsorisation de cette vidéo. ⏎ Merci aux exposants et aux visiteurs pour leur bienveillance ⏎ Et merci…"
XSxogxQcAik,Studio Danielle,1740000,2019-10-09,DANIELLE VS 60 VACHES,https://www.youtube.com/watch?v=XSxogxQcAik,CNIEL,Produits Laitiers,chaine YouTube,faible,remerciement | sponsor,…a chaine : https://www.youtube.com/channel/UCJ8qzw5pxDBtZlul1bWMnlw ⏎ Merci aux Produits Laitiers d'avoir sponsorisé cette vidéo :D
x-s2ZbTYnns,Aurelien Fontenoy,1080000,2020-11-10,LA COURSE D'OBSTACLE IMPOSSIBLE | BikeOut sur Descenders (jeu de VTT) | (Aliexpress Haul),https://www.youtube.com/watch?v=x-s2ZbTYnns,CNIEL,CHAUD !,nom de serie,faible,,…ss Haul) ⏎ Je teste le Niveau BIKEOUT sur le jeu de VTT Descenders. Vraiment trop chaud ! Ma nouvelle vie de Gamer s'annonce difficile !  ⏎ 🚨ABONNE-TOI à ma chaîne ►http://urlz.fr/6OfV  ⏎  ⏎ MA CHAINE GAMING: @aurelienfontenoymobility  ⏎  ⏎ -…
E27asjvUip8,Ben Névert,618000,2025-12-13,"Gaëlle Garcia Diaz : PRÉNOM DE SES ENFANTS, REGRETS TATOUAGE, LA MORT (dans l’ascenseur)",https://www.youtube.com/watch?v=E27asjvUip8,CNIEL,CHAUD !,nom de serie,faible,remerciement,"…ur avec Gaëlle Garcia Diaz. Ambiance chorale de Noël et dégustation de chocolat chaud ! Si tu fais partie des vrais qui lisent les descriptions, envoie ton emoji préféré de Noël en commentaire ! 🎄 ⏎  ⏎ Merci à @AromaZone-officiel, ⏎ Pour te…"
NonE0HDBjWE,Ben Névert,618000,2025-11-30,Un Diététicien juge notre alimentation (avec Marcus & Kaatsup),https://www.youtube.com/watch?v=NonE0HDBjWE,INTERBEV,#EnjoyItsFromEurope,hashtag,faible,remerciement,…assiette. Pensez à les suivre sur TikTok (@goodmovefr) ! #GoodMove #EUAgriPromo #EnjoyItsFromEurope  ⏎  ⏎ RÉALISATION ⏎ Juliette LEIGNIEL ⏎  ⏎ CHEF OPÉRATEUR ⏎ Jafaar ⏎  ⏎ CADRE ⏎ Noémie LOIGEROT ⏎ Hugo LECLERC ⏎  ⏎ SON ⏎ Thibault PAOLI ⏎…
ZWrjjNXijUI,PirAStack,288000,2021-08-17,LUCIEN RENCONTRE UN MEC TIMIDE [TROLL PIRASTACK],https://www.youtube.com/watch?v=ZWrjjNXijUI,CNIEL,CHAUD !,nom de serie,faible,,…E ! Une bonne PARTIE TROLL en SAISON 6 du jeu mais j'ai garder la vidéo bien au chaud ! ⏎  ⏎ 🔥 En Stream tous les jours de 18h-01h sur Twitch pour du #FORTNITE ! ⏎  ⏎ 👇 POUR SUIVRE #PIRASTACK 👇 ⏎  ⏎ 📺 LIEN DE MA CHAÎNE #TWITCH : ⏎ http://tw…
3L_NNx-A7NI,Eric Le Carreleur,254000,2020-11-22,"EP3 ( LE GRAND JOUR ) Je choisis MON CARRELAGE, Mobilier et Sanitaire DE MA SALLE DE BAIN !",https://www.youtube.com/watch?v=3L_NNx-A7NI,CNIEL,CHAUD !,nom de serie,faible,communication_commerciale,"…s ma salle de bain terminée, c'est de pouvoir me détendre dans un bon bain bien chaud !! ⏎ ça va être de toute beauté !!!  ⏎  ⏎ Pense à PARTAGER, LIKER, à t'ABONNER et sans oublier le petit POUCE BLEU qui fait toujours plaisir !! ⏎  ⏎ Pour…"
NhFqiEtt1jY,Pierre Croce,3790000,2021-10-11,Le premier qui monte les plus hauts escaliers du monde gagne,https://www.youtube.com/watch?v=NhFqiEtt1jY,CNIEL,En Mode Actif | Produits Laitiers,chaine YouTube | nom de campagne,fort,partenariat | remerciement,…agne ⏎ C'est par ici pour découvrir les défis de la campagne avec l'Europe passez En Mode Actif : https://www.produits-laitiers.com/les-challenges-qui-vont-secouer-votre-quotidien/ ⏎ Merci aux Produits Laitiers d'avoir été partenaires sur cet…
NhFqiEtt1jY,Pierre Croce,3790000,2021-10-11,Le premier qui monte les plus hauts escaliers du monde gagne,https://www.youtube.com/watch?v=NhFqiEtt1jY,INTERBEV,#EnjoyItsFromEurope,hashtag,faible,communication_commerciale | partenariat | remerciement,…ci aux Produits Laitiers d'avoir été partenaires sur cette vidéo ! #EnModeActif #EnjoyItsFromEurope 🇪🇺 ⏎  ⏎ La chaîne de Ben : https://t.ly/TLbq ⏎ La chaîne d’Anthony : https://t.ly/o0Tf ⏎ La chaîne de Fred : https://t.ly/eaVh ⏎  ⏎ Ma secon…
yXCZsPgWTyg,Hervé Cuisine,1600000,2026-02-23,Le kiwi 🥝 avec ou sans la peau ?,https://www.youtube.com/watch?v=yXCZsPgWTyg,INTERBEV,#EnjoyItsFromEurope,hashtag,faible,collaboration,…r sans le cuire pour garder toute sa fraîcheur. ⏎  ⏎ #Kiwi&Kaki #LEuropeADuGoût #EnjoyItsFromEurope #EUAgripromo
JXptlEqWYkQ,Hervé Cuisine,1600000,2025-09-19,"La meilleure tarte au citron sans œufs ni lait 🍋 Bien citronnée, moins sucrée et légère",https://www.youtube.com/watch?v=JXptlEqWYkQ,CNIEL,Produits Laitiers,chaine YouTube,faible,collaboration,"…t de cette tarte ? Le tofu soyeux SOY, qui remplace à merveille les œufs et les produits laitiers en pâtisserie : riche en protéines, pauvre en matières grasses, et hyper facile à utiliser. ⏎ Résultat : une tarte crémeuse, acidulée, moins s…"
J98c6pMVdrc,Hervé Cuisine,1600000,2025-03-31,Le flan pâtissier vanille et caramel facile et inratable,https://www.youtube.com/watch?v=J98c6pMVdrc,CNIEL,Produits Laitiers,chaine YouTube,faible,,"…s avant d’attaquer cette recette à la maison, n’hésitez pas à vous procurer les produits laitiers engagés avec le logo IL LAIT LÀ disponible partout ⏎  ⏎ Pour réaliser cette recette, il vous faudra :  ⏎ 1 Pâte brisée pur beurre @biobleud_fr…"
tB5O_kmEyoQ,Sosa Ingredients,72400,2020-03-20,La Révolution des Mousses: Revue + Évolution des Mousses - FR,https://www.youtube.com/watch?v=tB5O_kmEyoQ,CNIEL,Produits Laitiers,chaine YouTube,faible,,…saveur de vos préparations. ⏎ - Réduire ou éliminer la quantité de graisses des produits laitiers (crème). ⏎ - Élimination du jaune d'œuf pour ne pas dénaturer le goût.  ⏎ - Réduire la sensation de sucré. ⏎  ⏎ 0:00 Introduction. ⏎ 0:40 Type…
cAbDST3hOzA,Beauty garden,68700,2023-08-16,JE VOUS LIS MES BULETINS DE COLLEGE... OMG !!!,https://www.youtube.com/watch?v=cAbDST3hOzA,CNIEL,CHAUD !,nom de serie,faible,collaboration,…⏎ Aujourd'hui je vais lire mes anciens buletins scolaire de collège ! Et c'est chaud ! ⏎ #jejuge    #storytime    #anecdotes    ⏎  ⏎ 00:00 : Voila voila ⏎  - JE LIS MES BULETINS DE COLLEGE... OMG !!! ⏎  ⏎  ⏎ ---------------------------- ⏎…
GH8IA1b2ZZI,Le Chat Toqué,32900,2025-01-29,"Les Crêpes SANS GLUTEN, SANS SUCRE, ET SANS PRODUITS LAITIERS ! 🙀🏴‍☠️#crepes",https://www.youtube.com/watch?v=GH8IA1b2ZZI,CNIEL,Produits Laitiers,chaine YouTube,faible,,"Les Crêpes SANS GLUTEN, SANS SUCRE, ET SANS PRODUITS LAITIERS ! 🙀🏴‍☠️#crepes ⏎ Les Crêpes SANS GLUTEN, SANS SUCRE, ET SANS PRODUITS LAITIERS ! 🙀🏴‍☠️ ⏎  ⏎ #crepes #sansgluten #sanssucre #sansproduitslaitiers #pirate #rhum #chandeleur #recetter…"
WKly3WeHxfM,Viande Suisse,21300,2024-11-08,L'entrecôte la plus savoureuse du monde !,https://www.youtube.com/watch?v=WKly3WeHxfM,INTERBEV,#Viande,hashtag,faible,,…rre préféré(e) pour accompagner un bon morceau de viande ? 😋 ⏎  ⏎ #viandesuisse #viande #suisse #région #food
_gSwuTmLLqU,Viande Suisse,21300,2024-11-04,C'est l'élevage de chèvres en Valais,https://www.youtube.com/watch?v=_gSwuTmLLqU,CNIEL,Produits Laitiers,chaine YouTube,faible,,"…exploite la Safranhof à Mund, dans le canton du Valais. En plus de ses propres produits laitiers, la famille produit également de la viande de chèvre et de cabri. 👩‍🌾 ⏎  ⏎ #viandesuisse #suisse #région #alimentation #savoir #viande #chèvre…"
_gSwuTmLLqU,Viande Suisse,21300,2024-11-04,C'est l'élevage de chèvres en Valais,https://www.youtube.com/watch?v=_gSwuTmLLqU,INTERBEV,#Viande,hashtag,faible,,…hèvre et de cabri. 👩‍🌾 ⏎  ⏎ #viandesuisse #suisse #région #alimentation #savoir #viande #chèvres
EVQF0CALyJg,Viande Suisse,21300,2024-09-13,Comment NE PAS faire de saucisses,https://www.youtube.com/watch?v=EVQF0CALyJg,INTERBEV,#Viande,hashtag,faible,remerciement,…ndigen pour sa patience ! 😅 ⏎  ⏎ 👉 La différence est LA 🇨🇭 . ⏎  ⏎ #viandesuisse #viande #suisse #région #food
1gaTJfUdIFM,Viande Suisse,21300,2024-09-06,Cette boucherie est aussi vieille que la voiture !,https://www.youtube.com/watch?v=1gaTJfUdIFM,INTERBEV,#Viande,hashtag,faible,,…année que la voiture ! 🤯 🚙 ⏎  ⏎ 👉 La différence est LA 🇨🇭 . ⏎  ⏎ #viandesuisse #viande #suisse #région #food
f1nF-kQn8_E,Yuka,16700,2025-12-17,"#BalanceTonAdditif - Phosphates partout, santé nulle part 😡",https://www.youtube.com/watch?v=f1nF-kQn8_E,CNIEL,Produits Laitiers,chaine YouTube,faible,,"…ouve les phosphates notamment dans nos produits de boulangerie, charcuteries et produits laitiers. ⏎  ⏎ Mais leur consommation n’est pas sans danger sur notre santé ! Julie vous détaille les risques en vidéo. ⏎  ⏎ Dites STOP aux additifs no…"
4W12AjgIazY,Coopérative U,11800,2026-02-20,PRODUITS U | Origine France | Lait Français | Pas de jalouse,https://www.youtube.com/watch?v=4W12AjgIazY,CNIEL,Produits Laitiers,chaine YouTube,faible,,"…jalouse ⏎ Yaourts, beurre, crème, fromage ou lait frais...chez Coopérative U, les produits laitiers U du rayon frais sont au lait Français*.  ⏎ Comme par exemple cet emmental râpé U. ⏎  ⏎ *Hors spécialités étrangères et fromages fondus. ⏎  ⏎…"
2vziaxV7HLM,Coopérative U,11800,2026-02-20,PRODUITS U | Origine France | Lait Français | Les filles,https://www.youtube.com/watch?v=2vziaxV7HLM,CNIEL,Produits Laitiers,chaine YouTube,faible,,"…filles ⏎ Yaourts, beurre, crème, fromage ou lait frais...chez Coopérative U, les produits laitiers U du rayon frais sont au lait Français*.  ⏎ Comme par exemple ces yaourts nature U. ⏎  ⏎ *Hors spécialités étrangères et fromages fondus. ⏎  ⏎…"
aBW5NiDCs00,La cuisine de Clément,11600,2018-12-11,❅ J-14 ❅ Recette de Cidre chaud de noël,https://www.youtube.com/watch?v=aBW5NiDCs00,CNIEL,CHAUD !,nom de serie,faible,,"…de canne.  ⏎  ⏎ Tu laisses frémir 5 minutes.  ⏎  ⏎ C’est prêt, tu peux déguster chaud ! ⏎  ⏎ → Abonne-toi ici : www.youtube.com/lacuisinedeclement ⏎  ⏎ Pour me suivre :  ⏎  ⏎ → Mon blog : www.lacuisinedeclement.fr  ⏎  ⏎ → Mon Facebook : www…"
rAalvjmoafw,Benjamin Furno,10700,2026-01-12,Carbonade flamande 🥩🍺,https://www.youtube.com/watch?v=rAalvjmoafw,INTERBEV,#Viande,hashtag,faible,,…⏎  ⏎ Cocotte @staub_fr  ⏎ #carbonadeflamande #carbonade #recettefacile #frites #viande
7ln21GYN2cY,Claire Sauzel,9860,2021-06-10,"une journée dans mon assiette! 🦋 RECETTES HEALTHY et FACILES (Acai Bowl, Ramen, Tacos, Iced Latte)",https://www.youtube.com/watch?v=7ln21GYN2cY,CNIEL,Produits Laitiers,chaine YouTube,faible,,"…e suis aucun régime je mange intuitivement, j'évite simplement le gluten et les produits laitiers pour des questions de digestion et de ballonnement. Ici je vous montre comment faire un porridge (oatmeal),  la recette de tacos salade ou tac…"
f8mnSMox1qU,Claire Sauzel,9860,2021-06-04,"une journée dans mon assiette + RECETTES D'ETE HEALTHY ET FACILES (Twix Healthy, Green Smoothie)",https://www.youtube.com/watch?v=f8mnSMox1qU,CNIEL,Produits Laitiers,chaine YouTube,faible,,"…e suis aucun régime je mange intuitivement, j'évite simplement le gluten et les produits laitiers pour des questions de digestion et de ballonnement. Ici je vous montre comment faire un smoothie green crémeux et épais avec des épinards et d…"
886EZDVV4nI,Dans la cuisine de Jérémy ,4650,2026-05-11,⬇️Fonkie⬇️,https://www.youtube.com/watch?v=886EZDVV4nI,CNIEL,CHAUD !,nom de serie,faible,,…es œufs avec le sucre puis ajouter le mélange chocolat/beurre fondu et pas trop chaud !  ⏎ Finir avec la farine. ⏎  ⏎ Verser sur le fond en cookie et enfourner 20 minutes pour un cœur très coulant.
xW9ydrJQxY4,"Margaux Lifestyle | Running, SOPK & Lipœdème",4570,2025-10-26,Mon petit déjeuner SOPK friendly : un chia porridge avec du GYN OPK,https://www.youtube.com/watch?v=xW9ydrJQxY4,CNIEL,Produits Laitiers,chaine YouTube,faible,,"…es de chia ⏎ - 1 sachet de GYN OPK ⏎ - 200 ml de lait (végétal si tu évites les produits laitiers) ⏎ → Mélanger, laisser gonfler 5–10 min, remélanger pour homogénéiser ⏎ - 100 g de framboises surgelées ⏎ → Laisser reposer toute la nuit au f…"
qkH6__PkDyU,Nico d'Estais,771,2026-03-25,Retour sur la vague jaune qui a envahi Paris samedi dernier ! 💛  #viral #sailing #inclusion #shorts,https://www.youtube.com/watch?v=qkH6__PkDyU,Nestle France,@nestleenfrance,compte de marque,fort,partenariat | remerciement,…e week-end ! 💪 ⏎  ⏎ Merci à nos partenaires 🤝 @ibisfr @ibisstylesfr @ibisbudget @nestleenfrance @castorama_france #Fibus @daphnivc @azaleo_team @b2pweb_ #HPF @opel_france
fn2gJagJtzk,Oh! La vie Est belle,38,2023-02-02,Crêpes sarrasin,https://www.youtube.com/watch?v=fn2gJagJtzk,CNIEL,Produits Laitiers,chaine YouTube,faible,,"…asin ⏎ Le sarrasin est naturellement sans gluten et cette recette se réalise sans produits laitiers, voici donc une recette de crêpes idéales pour les personnes souffrant de troubles digestifs: ⏎ — ⏎ Pour environ 5/6 crêpes: ⏎ * 500 g de fari…"
iOQ5AQIk_zk,Emeline Franque,6260,2023-02-28,Les produits laitiers sont nos amis pour la vie ! #bébé #biberon #dme #diversification #nourriture,https://www.youtube.com/watch?v=iOQ5AQIk_zk,CNIEL,Produits Laitiers,chaine YouTube,faible,,Les produits laitiers sont nos amis pour la vie ! #bébé #biberon #dme #diversification #nourriture
D9z92qOEvxU,Redha Jr,2020000,2022-02-25,Redha Jr - Quand ça nous arrive 🥺💔🥛,https://www.youtube.com/watch?v=D9z92qOEvxU,CNIEL,@lesproduitslaitiers,compte vitrine,fort,,Redha Jr - Quand ça nous arrive 🥺💔🥛 ⏎ Trouvez une solution 🥺🥲🥛 @LesProduitsLaitiers #collaboration
