nom,identifiant,entites,categorie,resolution
Pierre Chomet,pierrechomet,CIFOG | CNIEL,suivre ce compte (createur),a resoudre (pas de chaine YouTube trouvee — probablement Instagram/TikTok)
pepites2noisette,pepites2noisette,INAPORC,suivre ce compte (createur),a resoudre (pas de chaine YouTube trouvee — probablement Instagram/TikTok)
morgan.niquet,morgan.niquet,CNIEL,suivre ce compte (createur),a resoudre (pas de chaine YouTube trouvee — probablement Instagram/TikTok)
Mister V,,CNIEL,suivre ce compte (createur),deja surveille (UC8Q0SLrZLiTj5s4qc9aad-w)
florianonair,florianonair,ANVOL | INTERBEV,suivre ce compte (createur),deja surveille (UCkGpd4_4UAn53ZXcUf1JyFA)
Fabrice Mignot,fabrice_mignot,INTERBEV,suivre ce compte (createur),a resoudre (pas de chaine YouTube trouvee — probablement Instagram/TikTok)
@Myriamanhattan,Myriamanhattan,CNIEL,suivre ce compte (createur),deja surveille (UCkoaCkLPQtmrFhxBLHSylvg)
La Brigade,labrigadeft,CIFOG | CNIEL,suivre ce compte (createur),deja surveille (UCng1vc76Vb8rxGc3znCwVrQ)
✿ 𝑨𝒍𝒆𝒙𝒂𝒏𝒅𝒓𝒂 ✿,le_petit_marius,CNIEL,suivre ce compte (createur),a resoudre (pas de chaine YouTube trouvee — probablement Instagram/TikTok)
Brigitte Lecordier,,CNIEL,suivre ce compte (createur),a resoudre (pas de chaine YouTube trouvee — probablement Instagram/TikTok)
Brigitte Lecordier,lecordierbrigitte,CNIEL,suivre ce compte (createur),a resoudre (pas de chaine YouTube trouvee — probablement Instagram/TikTok)
Nathalie de Masterchef Nathal,,CIFOG,suivre ce compte (createur),a resoudre (pas de chaine YouTube trouvee — probablement Instagram/TikTok)
La Brigade,,CNIEL,suivre ce compte (createur),AJOUTE a la surveillance (UCVJDAlf-7LjONmashk4T15w)
fromaville,fromaville,CNIEL,suivre ce compte (createur),a resoudre (pas de chaine YouTube trouvee — probablement Instagram/TikTok)
Morgan VS,,CNIEL,suivre ce compte (createur),AJOUTE a la surveillance (UCXwummUhfF-o4o9YXiJUT8A)
Jeffrey Cagnes,jeffreycagnes,CNIEL,suivre ce compte (createur),a resoudre (pas de chaine YouTube trouvee — probablement Instagram/TikTok)
Laura Martinez,lauramartinez_dieteticienne,INTERBEV,suivre ce compte (createur),a resoudre (pas de chaine YouTube trouvee — probablement Instagram/TikTok)
Mercotte,lacuisinedemercotte,INAPORC,suivre ce compte (createur),a resoudre (pas de chaine YouTube trouvee — probablement Instagram/TikTok)
yassencore,yassencore,CNIEL,suivre ce compte (createur),deja surveille (UCBq0qrSvo9KreG6LXXOhPtw)
Freddy Gladieux,,CNIEL,suivre ce compte (createur),deja surveille (UCBrrqFkw5Pu42v5DxD_khIg)
@rouli.ta,rouli.ta,CNIEL,suivre ce compte (createur),a resoudre (pas de chaine YouTube trouvee — probablement Instagram/TikTok)
Théo Juice,,CNIEL,suivre ce compte (createur),a resoudre (pas de chaine YouTube trouvee — probablement Instagram/TikTok)
mistervofficial,mistervofficial,CNIEL,suivre ce compte (createur),deja surveille (UC8Q0SLrZLiTj5s4qc9aad-w)
@imanenrv,imanenrv,CNIEL,suivre ce compte (createur),a resoudre (pas de chaine YouTube trouvee — probablement Instagram/TikTok)
Laura Martinez,,INTERBEV,suivre ce compte (createur),AJOUTE a la surveillance (UCHIMIXoUtuhBsFlIq-A7w0g)
Fabien Patanchon,,INTERBEV,suivre ce compte (createur),a resoudre (pas de chaine YouTube trouvee — probablement Instagram/TikTok)
Philippine Jaillet,,CNIEL,suivre ce compte (chef - categorie separee),a resoudre (pas de chaine YouTube trouvee — probablement Instagram/TikTok)
Guillaume Sanchez,,CNIEL,suivre ce compte (chef - categorie separee),AJOUTE a la surveillance (UCQQE9CeS5Ig2d8HkB7eMCKg)
Jorick Dorignac,,CNIEL,suivre ce compte (chef - categorie separee),a resoudre (pas de chaine YouTube trouvee — probablement Instagram/TikTok)
The Best🥇 أستغفر الله,cedricdoumbe,CNIEL,suivre ce compte (createur),a resoudre (pas de chaine YouTube trouvee — probablement Instagram/TikTok)
Mehdi Maïzi,mehdimouse,CNIEL,suivre ce compte (createur),a resoudre (pas de chaine YouTube trouvee — probablement Instagram/TikTok)
Jamy,,CNIEL,suivre ce compte (createur),AJOUTE a la surveillance (UCpsoEaIfVIlp7WM5hDc9A6w)
Hakim Jemili,,CNIEL,suivre ce compte (createur),AJOUTE a la surveillance (UC-8J4NrqkvrDRNSbLZs7C7Q)
Redouane Bougheraba,redouanebougheraba,CNIEL,suivre ce compte (createur),a resoudre (pas de chaine YouTube trouvee — probablement Instagram/TikTok)
Jamy Du lait,,CNIEL,suivre ce compte (createur),a resoudre (pas de chaine YouTube trouvee — probablement Instagram/TikTok)
Romuald Fassenet,romualdfassenet,CNIEL,suivre ce compte (chef - categorie separee),a resoudre (pas de chaine YouTube trouvee — probablement Instagram/TikTok)
Sido Cuisto,,CNIEL,suivre ce compte (createur),a resoudre (pas de chaine YouTube trouvee — probablement Instagram/TikTok)
Théo Juice,theojuice_,CNIEL,suivre ce compte (createur),a resoudre (pas de chaine YouTube trouvee — probablement Instagram/TikTok)
Fabien Patanchon,fabien_patanchon,INTERBEV,suivre ce compte (createur),a resoudre (pas de chaine YouTube trouvee — probablement Instagram/TikTok)
Anne . Papilles et Pupilles,papilles,INTERBEV,suivre ce compte (createur),a resoudre (pas de chaine YouTube trouvee — probablement Instagram/TikTok)
Charline,charlinestengel,INTERBEV,suivre ce compte (createur),deja surveille (UCC3caRkZ7Q6aykcm-ayJvjw)
Salma du blog Cuisinons en co,,INTERBEV,suivre ce compte (createur),a resoudre (pas de chaine YouTube trouvee — probablement Instagram/TikTok)
Tiphaine du blog Gourmandiser,,INTERBEV,suivre ce compte (createur),a resoudre (pas de chaine YouTube trouvee — probablement Instagram/TikTok)
• Tiphaine • 🥣🍷🍪📷,gourmandiseries,INTERBEV,suivre ce compte (createur),a resoudre (pas de chaine YouTube trouvee — probablement Instagram/TikTok)
Anne du blog Panier de Saison,,INTERBEV,suivre ce compte (createur),a resoudre (pas de chaine YouTube trouvee — probablement Instagram/TikTok)
Dévore des Yeux,devoredesyeux,INTERBEV,suivre ce compte (createur),a resoudre (pas de chaine YouTube trouvee — probablement Instagram/TikTok)
Anne Reverdy,panier_de_saison,INTERBEV,suivre ce compte (createur),a resoudre (pas de chaine YouTube trouvee — probablement Instagram/TikTok)
Edda du blog Un déjeuner de S,,INTERBEV,suivre ce compte (createur),a resoudre (pas de chaine YouTube trouvee — probablement Instagram/TikTok)
Dorian du blog Mais Pourquoi,,INTERBEV,suivre ce compte (createur),a resoudre (pas de chaine YouTube trouvee — probablement Instagram/TikTok)
Nadia du blog Paprikas,,INTERBEV,suivre ce compte (createur),a resoudre (pas de chaine YouTube trouvee — probablement Instagram/TikTok)
Interview de Yoni Saada,,INTERBEV,suivre ce compte (chef - categorie separee),a resoudre (pas de chaine YouTube trouvee — probablement Instagram/TikTok)
LeStream,UCcNKo7RH-HesUQ6F7Ul9q4w,INTERBEV,suivre ce compte (createur),deja surveille (UCcNKo7RH-HesUQ6F7Ul9q4w)
Nathalie de Masterchef,,CIFOG,suivre ce compte (createur),a resoudre (pas de chaine YouTube trouvee — probablement Instagram/TikTok)
julienduboue,julienduboue,INAPORC,suivre ce compte (createur),a resoudre (pas de chaine YouTube trouvee — probablement Instagram/TikTok)
