fichier,feuille,rang,video_id,url,chaine,abonnes,date,entite,titre,verdict,commentaire
A_VERIFIER.xlsx,a verifier,2,q_UVezoLzaQ,https://www.youtube.com/watch?v=q_UVezoLzaQ,Michou,11000000,2022-05-08,CNIEL,ÉNORME MATCH DE HOCKEY SUR GLACE ENTRE YOUTUBEURS et STREAMEURS ! (ptdrrr on sait pas patiner),collaboration remuneree,"Pas sûr à 100%, mais presque. En description de la vidéo, il y a le lien vers la fédération française de hockey, mais pas vers les produits laitiers. Cependant, une mention d'un lobby identifié est très probablement le signe d'une collaboration rémunérée."
A_VERIFIER.xlsx,a verifier,3,GisPhmsJbFM,https://www.youtube.com/watch?v=GisPhmsJbFM,Inoxtag,9470000,2020-08-15,CNIEL,Qui sont les meilleurs Croûtons ? (Compétition d'activités dans la villa en Corse),collaboration remuneree,"Pareil: pas de lien, mais vu qui sont 'les produits laitiers', très très probable collaboration commerciale."
A_VERIFIER.xlsx,a verifier,4,cPWcnHT1w-Y,https://www.youtube.com/watch?v=cPWcnHT1w-Y,Inoxtag,9470000,2021-05-08,CNIEL,24H pour faire un Film d’action (je prend feu et j’explose une voiture),je ne sais pas,"Il n'y a rien de probant dans la description. Il faudrait que je regarde toute la vidéo pour savoir. Pourquoi le passage utile n'a pas été enregistré? J'ai passé la vidéo très vite, et regardé le générique, pas de vu de mention de lobby dans les remerciements"
A_VERIFIER.xlsx,a verifier,5,UiZH6oMlWd4,https://www.youtube.com/watch?v=UiZH6oMlWd4,Inoxtag,9470000,2021-07-17,CLIPP,CUBE - Inoxtag (Feat. Flashboy),je ne sais pas,"Il y a un collaboration avec Rhinoshield, pas de trace de lobby de la viande ou du lait. Non plus dans les commentaires. Note intéressante: la portion la plus 'replayed' de la vidéo est celle où il y la pub pour rhinoshield."
A_VERIFIER.xlsx,a verifier,6,qUmIq8vPP4Y,https://www.youtube.com/watch?v=qUmIq8vPP4Y,Inoxtag,9470000,2022-08-13,CNIEL,24h à la ferme ! (C’était incroyable),collaboration remuneree,
A_VERIFIER.xlsx,a verifier,7,ZCM-eMOJXiU,https://www.youtube.com/watch?v=ZCM-eMOJXiU,Inoxtag,9470000,2024-03-09,CLIPP,"48H pour sortir des BACKROOMS ! (Ft. Michou, Amine, Billy, LeGrandJD, Matt)",hors sujet,"Thanks to Air Up for sponsoring the video!"""
A_VERIFIER.xlsx,a verifier,8,wrFsapf0Enk,https://www.youtube.com/watch?v=wrFsapf0Enk,Inoxtag,9470000,2024-09-14,CNIEL,KAIZEN: 1 an pour gravir l'Everest !,hors sujet,Je suis curieux de pourquoi il y a écrit '[La mention est au-dela de ce qui a ete enregistre. Ouvrir la video pour lire la description complete.]'
A_VERIFIER.xlsx,a verifier,9,gP5Ww9PpmKU,https://www.youtube.com/watch?v=gP5Ww9PpmKU,Inoxtag,9470000,2024-09-20,CNIEL,On répond à vos question sur KAIZEN ! (Ft. Mathis),collaboration remuneree,
A_VERIFIER.xlsx,a verifier,10,cwxOXJeZ5sk,https://www.youtube.com/watch?v=cwxOXJeZ5sk,Mister V,6540000,2022-12-11,CNIEL,MISTER V - LES JONES,collaboration remuneree,"""Thanks to : 
Les Produits Laitiers and Adrien Dinh for following me in my projects."" >> N'est-il pas possible de scraper TOUTE la description? Pourquoi celle-ci n'a pas été enregistrée? Explique-moi comment ton outil fonctionne ou dysfonctionne"
A_VERIFIER.xlsx,a verifier,11,QAQ5KPNcDZA,https://www.youtube.com/watch?v=QAQ5KPNcDZA,Valouzz,3280000,2023-12-25,CIFOG,Mon premier Noël en tant que Papa 🎅🎄,je ne sais pas,Comment je fais pour savoir? S'ils ont reçu des sous de la conserverie artisanale bretonne?
A_VERIFIER.xlsx,a verifier,12,TK2KM-buw7E,https://www.youtube.com/watch?v=TK2KM-buw7E,Valouzz,3280000,2024-03-20,INTERBEV,Je mange comme mon perso pendant 15 jours ! (dans quoi je m'embarque),collaboration remuneree,"COLLABORATION COMMERCIALE
 ———
Vous aviez déjà remarqué vous qu’on passait beaucoup plus de temps à cuisiner dans les jeux-vidéo que dans la vraie vie ? Et même souvent plus équilibré…
 
On passe des heures à chercher les meilleurs ingrédients pour concocter des petits plats flexitariens à nos persos, et nous pendant ce temps, on se contente d’un plat vite fait entre deux games.
 
Et si on inversait ça ?
 
Manger flexitarien, c’est choisir des ingrédients de qualité IRL pour se faire plaisir en mangeant varié et dans les bonnes quantités.
C’est manger équilibré, avec une viande locale et durable, comme on le fait déjà in-game.
 
Et en plus c’est meilleur pour soi et pour nos territoires. Un véritable cheat-code.
 
Toi aussi, partage ton challenge avec #MangeCommeTonPerso
 
Découvrez-en plus sur https://naturellement-flexitariens.fr
Aimez la viande. Mangez en mieux. (regarde ce site, c'est une grosse blague)"
A_VERIFIER.xlsx,a verifier,13,WPqxcylYb58,https://www.youtube.com/watch?v=WPqxcylYb58,Inoxtag 2.0,3140000,2024-03-23,CLIPP,On a reconstruit les Backroom dans la vraie vie ! (Making-of 48H) !,je ne sais pas,Pareil que pour l'autre vidéo dont c'est le making-of
A_VERIFIER.xlsx,a verifier,14,XgW3Nnskq8Q,https://www.youtube.com/watch?v=XgW3Nnskq8Q,Inoxtag 2.0,3140000,2026-06-27,CNIEL,Dégustation dans le plus grand buffet d’Europe et je découvre ma nouvelle voiture (ft.GMK),collaboration remuneree,
A_VERIFIER.xlsx,a verifier,15,Ay_HrH_tfKY,https://www.youtube.com/watch?v=Ay_HrH_tfKY,Nota Bene,2770000,2025-08-13,CIFOG,Le plat le plus gras du 18e siècle,hors sujet,"""Merci à notre partenaire NordVPN de soutenir la chaîne à l'année : https://nordvpn.com/notabenef"" - le plus probable est que ce soit une vidéo sur la nourriture, mais sans rémunération pour ça"
A_VERIFIER.xlsx,a verifier,16,lo5Pii_ZLOk,https://www.youtube.com/watch?v=lo5Pii_ZLOk,LORIS GIULIANO,1920000,2019-08-22,CNIEL,LORIS - LES FANTASMES - BORDEAUX,collaboration remuneree,
A_VERIFIER.xlsx,a verifier,17,FHkBVl5lKVE,https://www.youtube.com/watch?v=FHkBVl5lKVE,LORIS GIULIANO,1920000,2019-08-26,CNIEL,LORIS - LES RÉSEAUX SOCIAUX - TOULOUSE,collaboration remuneree,
A_VERIFIER.xlsx,a verifier,18,YaYSolZhTCA,https://www.youtube.com/watch?v=YaYSolZhTCA,LORIS GIULIANO,1920000,2019-08-29,CNIEL,LORIS - L'ÉCHANGISME - CAP D'AGDE,collaboration remuneree,
A_VERIFIER.xlsx,a verifier,19,tVkS7WYI6Yo,https://www.youtube.com/watch?v=tVkS7WYI6Yo,LORIS GIULIANO,1920000,2019-09-02,CNIEL,LORIS - HOMOPHOBIE DANS LES STADES - MARSEILLE,collaboration remuneree,
A_VERIFIER.xlsx,a verifier,20,u-Cu9TEpsj8,https://www.youtube.com/watch?v=u-Cu9TEpsj8,LORIS GIULIANO,1920000,2019-09-06,CNIEL,LORIS - L'ÉCOLOGIE - MONTPELLIER,collaboration remuneree,
A_VERIFIER.xlsx,a verifier,21,7Yrcydd0OAw,https://www.youtube.com/watch?v=7Yrcydd0OAw,LORIS GIULIANO,1920000,2019-09-10,CNIEL,LORIS - LES QUARTIERS NORD - MARSEILLE,collaboration remuneree,
A_VERIFIER.xlsx,a verifier,22,scKwDXeNpCw,https://www.youtube.com/watch?v=scKwDXeNpCw,LORIS GIULIANO,1920000,2019-09-12,CNIEL,LORIS - LA CORSE - AJACCIO,collaboration remuneree,
A_VERIFIER.xlsx,a verifier,23,pFTXagiX2Rw,https://www.youtube.com/watch?v=pFTXagiX2Rw,LORIS GIULIANO,1920000,2019-09-24,CNIEL,LORIS - LA PROSTITUTION - LYON,collaboration remuneree,
A_VERIFIER.xlsx,a verifier,24,o5zvY-1O6bc,https://www.youtube.com/watch?v=o5zvY-1O6bc,LORIS GIULIANO,1920000,2019-09-27,CNIEL,LORIS - L'ALCOOL - CLERMONT FERRAND,collaboration remuneree,
A_VERIFIER.xlsx,a verifier,25,heJqGU0UR44,https://www.youtube.com/watch?v=heJqGU0UR44,LORIS GIULIANO,1920000,2019-09-30,CNIEL,LORIS - JACQUES CHIRAC - STRASBOURG,collaboration remuneree,
A_VERIFIER.xlsx,a verifier,26,YxeACzXxQ7s,https://www.youtube.com/watch?v=YxeACzXxQ7s,LORIS GIULIANO,1920000,2019-10-04,CNIEL,LORIS - L'ARRESTATION - DIJON,collaboration remuneree,
A_VERIFIER.xlsx,a verifier,27,7budxtYR8eo,https://www.youtube.com/watch?v=7budxtYR8eo,LORIS GIULIANO,1920000,2019-10-10,CNIEL,LORIS - LES SITES DE RENCONTRES - LILLE,collaboration remuneree,
A_VERIFIER.xlsx,a verifier,28,ABbTFvW0vJo,https://www.youtube.com/watch?v=ABbTFvW0vJo,LORIS GIULIANO,1920000,2019-10-16,CNIEL,LORIS - LA FRANCE - BRUXELLES,collaboration remuneree,
A_VERIFIER.xlsx,a verifier,29,92J7_p8nvDw,https://www.youtube.com/watch?v=92J7_p8nvDw,LORIS GIULIANO,1920000,2019-10-23,CNIEL,LORIS - LES PRODUITS LAITIERS - CAEN,collaboration remuneree,
A_VERIFIER.xlsx,a verifier,30,cejlgIeVzQg,https://www.youtube.com/watch?v=cejlgIeVzQg,LORIS GIULIANO,1920000,2019-10-28,CNIEL,LORIS - INÉGALITÉS HOMMES/FEMMES - ROUEN,collaboration remuneree,
A_VERIFIER.xlsx,a verifier,31,s_Gbs-Scp-A,https://www.youtube.com/watch?v=s_Gbs-Scp-A,LORIS GIULIANO,1920000,2019-10-31,CNIEL,LORIS - LA PMA - RENNES,collaboration remuneree,
A_VERIFIER.xlsx,a verifier,32,ViL5tLYF_Xo,https://www.youtube.com/watch?v=ViL5tLYF_Xo,LORIS GIULIANO,1920000,2019-11-04,CNIEL,LORIS - LA FERME - MAËL CARHAIX,collaboration remuneree,
A_VERIFIER.xlsx,a verifier,33,SCm_UNf8xAs,https://www.youtube.com/watch?v=SCm_UNf8xAs,LORIS GIULIANO,1920000,2019-11-14,CNIEL,LORIS - MERCI - NANTES ANGERS PARIS,collaboration remuneree,
A_VERIFIER.xlsx,a verifier,34,s1XA1BHUX_s,https://www.youtube.com/watch?v=s1XA1BHUX_s,LORIS GIULIANO,1920000,2019-11-22,CNIEL,LORIS - LES OFF - TOUR DE FRANCE,collaboration remuneree,
A_VERIFIER.xlsx,a verifier,35,M5iLgoVSykM,https://www.youtube.com/watch?v=M5iLgoVSykM,LORIS GIULIANO,1920000,2020-01-15,CNIEL,LORIS - DOUBLE JOUR DE L'AN - AUCKLAND/RAROTONGA,collaboration remuneree,
A_VERIFIER.xlsx,a verifier,36,JwmmUvS78AM,https://www.youtube.com/watch?v=JwmmUvS78AM,LORIS GIULIANO,1920000,2020-01-28,CNIEL,LORIS - MONTRÉAL - CANADA,collaboration remuneree,
A_VERIFIER.xlsx,a verifier,37,lg0IsC_8EnU,https://www.youtube.com/watch?v=lg0IsC_8EnU,LORIS GIULIANO,1920000,2020-02-09,CNIEL,LORIS - GUADELOUPE,collaboration remuneree,
A_VERIFIER.xlsx,a verifier,38,cmq-9E5CdQg,https://www.youtube.com/watch?v=cmq-9E5CdQg,LORIS GIULIANO,1920000,2020-02-16,CNIEL,LORIS - LE DRIFT - LOS ANGELES,collaboration remuneree,
A_VERIFIER.xlsx,a verifier,39,YykAzF8MqA4,https://www.youtube.com/watch?v=YykAzF8MqA4,LORIS GIULIANO,1920000,2020-03-04,CNIEL,LORIS - LE CARNAVAL - RIO DE JANEIRO,collaboration remuneree,
A_VERIFIER.xlsx,a verifier,40,mZL4VzHapTY,https://www.youtube.com/watch?v=mZL4VzHapTY,LORIS GIULIANO,1920000,2021-03-18,CNIEL,LORIS - BIKERS / COWBOYS - TEXAS,collaboration remuneree,
A_VERIFIER.xlsx,a verifier,41,hSx0FwkMLsM,https://www.youtube.com/watch?v=hSx0FwkMLsM,LORIS GIULIANO,1920000,2021-04-11,CNIEL,LORIS - LOVE AND SEX - NEW YORK,collaboration remuneree,
A_VERIFIER.xlsx,a verifier,42,o-A314iXmEw,https://www.youtube.com/watch?v=o-A314iXmEw,LORIS GIULIANO,1920000,2021-05-24,CNIEL,LORIS - LES TERRASSES - BRUXELLES,collaboration remuneree,
A_VERIFIER.xlsx,a verifier,43,mdqnu5rn3ow,https://www.youtube.com/watch?v=mdqnu5rn3ow,LORIS GIULIANO,1920000,2021-09-24,CNIEL,LORIS - LES BOITES DE NUIT,collaboration remuneree,
A_VERIFIER.xlsx,a verifier,44,Z7ycXlcN2w0,https://www.youtube.com/watch?v=Z7ycXlcN2w0,LORIS GIULIANO,1920000,2022-01-20,CNIEL,LORIS - AMITIÉ HOMME / FEMME - DAKAR,collaboration remuneree,
A_VERIFIER.xlsx,a verifier,45,vEXhKhbK1tg,https://www.youtube.com/watch?v=vEXhKhbK1tg,LORIS GIULIANO,1920000,2022-02-21,CNIEL,LORIS - LE BONHEUR - MBOUR SÉNÉGAL,collaboration remuneree,
A_VERIFIER.xlsx,a verifier,46,GZVw5GK25Jk,https://www.youtube.com/watch?v=GZVw5GK25Jk,LORIS GIULIANO,1920000,2022-04-14,CNIEL,LORIS - LA SAINT-VALENTIN - ABIDJAN,collaboration remuneree,
A_VERIFIER.xlsx,a verifier,47,3rIlVfqlYTM,https://www.youtube.com/watch?v=3rIlVfqlYTM,LORIS GIULIANO,1920000,2022-05-24,CNIEL,LORIS - LE CARNAVAL - MARTINIQUE,collaboration remuneree,
A_VERIFIER.xlsx,a verifier,48,UYuu8qpZkxY,https://www.youtube.com/watch?v=UYuu8qpZkxY,LORIS GIULIANO,1920000,2022-06-20,CNIEL,LORIS - LA FAVELA - BRÉSIL,collaboration remuneree,
A_VERIFIER.xlsx,a verifier,49,7OOEjgDQzpg,https://www.youtube.com/watch?v=7OOEjgDQzpg,LORIS GIULIANO,1920000,2022-10-26,CNIEL,LORIS - L'AMOUR SANS SEXE - ABIDJAN,collaboration remuneree,
A_VERIFIER.xlsx,a verifier,50,lrreuz0RLNA,https://www.youtube.com/watch?v=lrreuz0RLNA,LORIS GIULIANO,1920000,2025-12-12,CNIEL,LORIS GIULIANO - NAPOLI,collaboration remuneree,"""Remerciements 
Les Produits Laitiers
Maurizio - Lucifer Spritz & Food
Cibi Cotti…"" >> pourquoi ça n'a pas enregistré ce morceau-là?"
A_VERIFIER.xlsx,a verifier,51,czykjPMc2B0,https://www.youtube.com/watch?v=czykjPMc2B0,Juste Zoé,1560000,2024-04-20,CNIEL,JE VOUS PRÉSENTE MON NOUVEAU PAPI ( il est épique ),collaboration remuneree,"la description contient ""Collaboration commerciale avec Danone. 
Depuis plus de 100 ans, @danoneyaourt accompagne les Français dans la transmission de bonnes habitudes au quotidien de génération en génération. Danone Le Nature, Danone Velouté Nature et Danone Skyr Nature sont sources de calcium et sont fabriqués avec du lait 100% Français. En savoir plus sur danone.fr"" >> c'est ça qui aurait dû être enregistré"
A_VERIFIER.xlsx,a verifier,52,2iBlczisR6w,https://www.youtube.com/watch?v=2iBlczisR6w,Domingo Gomes,1350000,2026-02-03,CLIPP,Comparé Los Mejores Mandos para Teléfonos,hors sujet,vidéo hispanophone
A_VERIFIER.xlsx,a verifier,53,nv5_ZPF0WVA,https://www.youtube.com/watch?v=nv5_ZPF0WVA,RebeuDeter,1060000,2021-12-18,CNIEL,On a visité le fin fond de la France avec Amine,collaboration remuneree,
A_VERIFIER.xlsx,a verifier,54,zZ11xl-SnXA,https://www.youtube.com/watch?v=zZ11xl-SnXA,RebeuDeter,1060000,2022-02-26,CNIEL,Ma première fois avec Amine au ski,collaboration remuneree,
A_VERIFIER.xlsx,a verifier,55,MLbjO5P8ZwI,https://www.youtube.com/watch?v=MLbjO5P8ZwI,RebeuDeter,1060000,2023-07-24,CLIPP,Mon nouveau mate pour le GP Explorer ?,hors sujet,"""Comme promis voici le lien de l’offre de zinzin que j’ai créé avec Crunchyroll: http://www.crunchyroll.com/rebeudeter
Profitez bien des 60 jours d’essai gratuit à Crunchyroll PREMIUM ! Et un gros merci à Crunchyroll pour tout ça 🙏🏼❤️"" >> plateforme de VOD"
A_VERIFIER.xlsx,a verifier,56,HOx2mZcqVjs,https://www.youtube.com/watch?v=HOx2mZcqVjs,RebeuDeter,1060000,2023-09-14,CNIEL,On s'envoie sur une île avec Amine 🏝️,collaboration remuneree,
A_VERIFIER.xlsx,a verifier,57,qoPx0i80Ta4,https://www.youtube.com/watch?v=qoPx0i80Ta4,FlorianOnAir,734000,2017-12-22,CIFOG,Un KFC RÖSTI RACLETTE pour NOEL + Un menu GOURMET - VLOG #511,je ne sais pas,"""VLOG de NOËL avec la dégustation des sandwiches KFC d'hiver:  Rösti RACLETTE et Boxmaster REBLOCHON"" >> C'est bizarre, mais je ne suis certain que ce soir une collaboration rémunérée. La portion où il mange le truc de KFC est le plus rejouée, mais il n'y a pas de d'onglet 'collaboration commerciale' à l'écran. Est-ce possible que ça en ait été une par le passé, mais que l'indication ait disparue quand le contrat est devenu caduque. C'est vraiment étrange un passage de plusieurs minutes sur un produit KFC comme ça.ça ressemble vraiment à une collaboration commerciale. La vidéo date de 2017. Peut-être n'était-ce pas encore obligé de signaler les collaborations commerciales?"
A_VERIFIER.xlsx,a verifier,58,m9Z6MOfrfc4,https://www.youtube.com/watch?v=m9Z6MOfrfc4,FlorianOnAir,734000,2018-02-08,CIFOG,Sous la NEIGE avec un HOT DOG au CANARD et FOIE GRAS - VLOG #537,je ne sais pas,"""Malgré la neige, je vais manger dehors pour tester le kiosque créé à Paris par l'enseigne toulousaine ""Duck Me"" (http://www.duckme.fr).
La spécialité? Le ""Hot Duck"", un HOT DOG à la saucisse de CANARD, que l'on peut customiser avec des toppings comme du FOIE GRAS ou du MAGRET."" >> Pareil"
A_VERIFIER.xlsx,a verifier,59,WCG8jN-i8ZQ,https://www.youtube.com/watch?v=WCG8jN-i8ZQ,FlorianOnAir,734000,2018-05-18,INAPORC,DEGUSTATION : Un PLAT EXQUIS par un GRAND CHEF dans un RESTO TENDANCE ! - VLOG #594,collaboration remuneree,
A_VERIFIER.xlsx,a verifier,60,gatphy8FRs4,https://www.youtube.com/watch?v=gatphy8FRs4,FlorianOnAir,734000,2018-05-29,CIFOG,A VOLONTE: On DEPOUILLE le + GRAND BUFFET d'EUROPE! - VLOG #600,hors sujet,
A_VERIFIER.xlsx,a verifier,61,FS23zHApbug,https://www.youtube.com/watch?v=FS23zHApbug,FlorianOnAir,734000,2018-09-19,INTERBEV,MEILLEUR SNACK : GROSSES BARQUETTES de VIANDE + FROMAGE FONDU -  S2E02,hors sujet,
A_VERIFIER.xlsx,a verifier,62,7EhuqIGLqvA,https://www.youtube.com/watch?v=7EhuqIGLqvA,FlorianOnAir,734000,2018-09-25,CIFOG,N°1 sur TripAdvisor : Est ce vraiment l'un des MEILLEURS RESTOS de PARIS? - VLOG #671,hors sujet,
A_VERIFIER.xlsx,a verifier,63,UXC8PGoEULg,https://www.youtube.com/watch?v=UXC8PGoEULg,FlorianOnAir,734000,2018-10-25,INAPORC,"Ce soir, c'est moi qui prépare l'APERO !! -  VLOG #688",collaboration remuneree,
A_VERIFIER.xlsx,a verifier,64,jLMiVyd_si8,https://www.youtube.com/watch?v=jLMiVyd_si8,FlorianOnAir,734000,2018-12-11,CIFOG,Mes 1ers BURGERS de NOEL de l'année à LILLE! -  VLOG #713,hors sujet,
A_VERIFIER.xlsx,a verifier,65,jcp9jmbMHF0,https://www.youtube.com/watch?v=jcp9jmbMHF0,FlorianOnAir,734000,2019-05-01,CIFOG,PUR KIFF : GRATIN DAUPHINOIS à VOLONTE à TOULOUSE! - VLOG #792,hors sujet,
A_VERIFIER.xlsx,a verifier,66,dF1EYvOCUBc,https://www.youtube.com/watch?v=dF1EYvOCUBc,FlorianOnAir,734000,2019-10-25,CIFOG,On teste les RAMEN d'un CHEF ETOILÉ - VLOG #895,hors sujet,
A_VERIFIER.xlsx,a verifier,67,_1tqcP7X9XQ,https://www.youtube.com/watch?v=_1tqcP7X9XQ,FlorianOnAir,734000,2019-12-03,CIFOG,"Le CHEF est FOU : BURGER de LUXE, HOMARD, PÂTES : je goûte tout!... - VLOG #922",hors sujet,
A_VERIFIER.xlsx,a verifier,68,QDm7JfE3Yhc,https://www.youtube.com/watch?v=QDm7JfE3Yhc,FlorianOnAir,734000,2020-02-03,CIFOG,GASTRONOMIQUE? Il revisite des PLATS CORÉENS et ... (feat Fanny J) -V LOG #953,hors sujet,
A_VERIFIER.xlsx,a verifier,69,-AknX1Fq9SE,https://www.youtube.com/watch?v=-AknX1Fq9SE,FlorianOnAir,734000,2020-10-30,INTERBEV,Elle veut RÉVOLUTIONNER le FAST FOOD avec ce NOUVEAU SANDWICH ! -VLOG #1073,hors sujet,
A_VERIFIER.xlsx,a verifier,70,0HXKv1tGhfs,https://www.youtube.com/watch?v=0HXKv1tGhfs,FlorianOnAir,734000,2020-11-11,CIFOG,DES SANDWICHS XXL de HAUTE QUALITÉ :Possible? Je teste! - VLOG #1081,hors sujet,
A_VERIFIER.xlsx,a verifier,71,5yasEnApCgk,https://www.youtube.com/watch?v=5yasEnApCgk,FlorianOnAir,734000,2021-05-14,CIFOG,Un VRAI MENU de RESTO à moins de 10 euros? - On teste! - VLOG 1157,hors sujet,
A_VERIFIER.xlsx,a verifier,72,aEtOTdyWtqs,https://www.youtube.com/watch?v=aEtOTdyWtqs,FlorianOnAir,734000,2021-05-23,INTERBEV,Ce TAUREAU me fait FLIPPER ! J'aide un éleveur de BOVINS !,collaboration remuneree,"lien vers un site de lobby, très probable collaboration commerciale. Est-ce que ton outil repère aussi les URL?"
A_VERIFIER.xlsx,a verifier,73,HUJAmqKEuwk,https://www.youtube.com/watch?v=HUJAmqKEuwk,FlorianOnAir,734000,2021-05-24,INTERBEV,Je vis la vie d'un ELEVEUR d'OVINS !,collaboration remuneree,idem
A_VERIFIER.xlsx,a verifier,74,iUF2Duowqow,https://www.youtube.com/watch?v=iUF2Duowqow,FlorianOnAir,734000,2021-05-25,INTERBEV,J'achète des VACHES avec un COMMERÇANT en BESTIAUX!,collaboration remuneree,idem
A_VERIFIER.xlsx,a verifier,75,BkFXFu1Bar8,https://www.youtube.com/watch?v=BkFXFu1Bar8,FlorianOnAir,734000,2021-05-26,INTERBEV,Il a créé 1000 emplois dans sa région - Je découvre un atelier de découpe!,collaboration remuneree,idem
A_VERIFIER.xlsx,a verifier,76,-cXraEfY9-I,https://www.youtube.com/watch?v=-cXraEfY9-I,FlorianOnAir,734000,2021-05-27,INTERBEV,On m'embauche dans une BOUCHERIE... et je KIFFE !,collaboration remuneree,idem
A_VERIFIER.xlsx,a verifier,77,aV_m2lmjWjo,https://www.youtube.com/watch?v=aV_m2lmjWjo,FlorianOnAir,734000,2021-05-28,INTERBEV,Je fais des PÂTES BOLOGNAISE pour les élèves d'un lycée ! Vont-ils aimer?,collaboration remuneree,idem
A_VERIFIER.xlsx,a verifier,78,RMuCLxu83Bo,https://www.youtube.com/watch?v=RMuCLxu83Bo,FlorianOnAir,734000,2021-06-21,CIFOG,BURGERS 100% LOCAUX et PLAT du TERROIR en SARTHE : tout ce que j'aime ! - VLOG 1170,hors sujet,
A_VERIFIER.xlsx,a verifier,79,vbtOC0XbRLI,https://www.youtube.com/watch?v=vbtOC0XbRLI,FlorianOnAir,734000,2021-07-30,CIFOG,Je teste le CHAMPION de FRANCE de BURGER 2021 à Nîmes! - VLOG #1185,hors sujet,"Toujours troublé par ça: ""[La mention est au-dela de ce qui a ete enregistre. Ouvrir la video pour lire la description complete.]"""
A_VERIFIER.xlsx,a verifier,80,XFcWK7FI4bo,https://www.youtube.com/watch?v=XFcWK7FI4bo,FlorianOnAir,734000,2021-08-02,CIFOG,Les MEILLEURES PÂTES XXL du Sud à Aigues-Mortes ? - VLOG 1186,hors sujet,
A_VERIFIER.xlsx,a verifier,81,fKf8z8ro3lI,https://www.youtube.com/watch?v=fKf8z8ro3lI,FlorianOnAir,734000,2021-08-05,CIFOG,TAPAS de MALADE à NÎMES - FOOD TOUR de OUF! - VLOG 1187,hors sujet,
A_VERIFIER.xlsx,a verifier,82,EgtnF_QSKf4,https://www.youtube.com/watch?v=EgtnF_QSKf4,FlorianOnAir,734000,2021-09-03,CIFOG,Ce RESTO est OUVERT 24h/24 et c'est une INSTITUTION à Paris - VLOG 1196,hors sujet,
A_VERIFIER.xlsx,a verifier,83,X50qKQ0zGQU,https://www.youtube.com/watch?v=X50qKQ0zGQU,FlorianOnAir,734000,2021-12-13,CIFOG,Un MAX de FROMAGE pour la VRAIE TRUFFADE AUVERGNATE ! - VLOG 1240,hors sujet,
A_VERIFIER.xlsx,a verifier,84,OfHUijjGqo8,https://www.youtube.com/watch?v=OfHUijjGqo8,FlorianOnAir,734000,2021-12-22,CIFOG,Le + GROS REPAS de 2021 de la BRIGADE ? MENU de LUXE! - VLOG 1244,hors sujet,
A_VERIFIER.xlsx,a verifier,85,km_PP-UJLHg,https://www.youtube.com/watch?v=km_PP-UJLHg,FlorianOnAir,734000,2021-12-28,CIFOG,Les SECRETS de ce RISOTTO de CHEF : une PEPITE! (Risotto d'épeautre à la truffe) -  VLOG 1247,hors sujet,
A_VERIFIER.xlsx,a verifier,86,6IIFGplnQ0I,https://www.youtube.com/watch?v=6IIFGplnQ0I,FlorianOnAir,734000,2022-04-08,CIFOG,NANTES : BURGER au CONFIT de CANARD + GYOZAS MAISON - Food tour - VLOG 1299,hors sujet,
A_VERIFIER.xlsx,a verifier,87,R9_kzIK8f4s,https://www.youtube.com/watch?v=R9_kzIK8f4s,FlorianOnAir,734000,2022-05-02,CIFOG,Un CONCEPT de FAST FOOD GASTRONOMIQUE à 10 euros avec un célèbre critique gastro ? - VLOG 1308,hors sujet,
A_VERIFIER.xlsx,a verifier,88,6T9-DZ8k99A,https://www.youtube.com/watch?v=6T9-DZ8k99A,FlorianOnAir,734000,2022-06-28,CIFOG,Je teste le VRAI POULET de BRESSE à la crème avec le Chef Georges Blanc VLOG 1327,hors sujet,
A_VERIFIER.xlsx,a verifier,89,1UJip7KeuXk,https://www.youtube.com/watch?v=1UJip7KeuXk,FlorianOnAir,734000,2022-10-24,CIFOG,"On TESTE un RESTO avec un TOP CHEF : Blanquette, Confit de Canard, ... - VLOG 1359",hors sujet,
A_VERIFIER.xlsx,a verifier,90,H5X-4Y2zWjk,https://www.youtube.com/watch?v=H5X-4Y2zWjk,FlorianOnAir,734000,2023-07-24,CIFOG,Sa réponse au BIG MAC de Mc DO à POITIERS : 100% artisanal ! VLOG 1454,hors sujet,
A_VERIFIER.xlsx,a verifier,91,oIgkWxgh_jY,https://www.youtube.com/watch?v=oIgkWxgh_jY,FlorianOnAir,734000,2023-08-21,INTERBEV,Un FAST FOOD SOCIAL dans un ANCIEN MC DO à MARSEILLE ! Je teste ! VLOG 1457,hors sujet,
A_VERIFIER.xlsx,a verifier,92,C8Jlu7i7jEY,https://www.youtube.com/watch?v=C8Jlu7i7jEY,FlorianOnAir,734000,2023-08-23,CIFOG,Je vais dans la VILLE où est née la POUTINE au QUÉBEC + j'en mange une au foie gras ! VLOG 1458,hors sujet,
A_VERIFIER.xlsx,a verifier,93,-Lh8tqAS1No,https://www.youtube.com/watch?v=-Lh8tqAS1No,FlorianOnAir,734000,2023-09-10,CIFOG,"Foie gras, magret ... Tout pour regarder le rugby ! 😍🤩",hors sujet,
A_VERIFIER.xlsx,a verifier,94,zwYHq2afhn8,https://www.youtube.com/watch?v=zwYHq2afhn8,FlorianOnAir,734000,2023-09-25,CIFOG,"Gros GUEULETON à LIMOGES : Foie gras poêlé, pâté de pommes de terre, ... et porcelaine ! VLOG 1471",hors sujet,
A_VERIFIER.xlsx,a verifier,95,xz1wevGB70c,https://www.youtube.com/watch?v=xz1wevGB70c,FlorianOnAir,734000,2023-12-18,CIFOG,"Le FAST FOOD le + OUF d'ANNECY :Sandwichs à la Truffe, Bavette et Foie Gras ! VLOG 1503",hors sujet,
A_VERIFIER.xlsx,a verifier,96,bull4J2tslU,https://www.youtube.com/watch?v=bull4J2tslU,FlorianOnAir,734000,2024-01-03,CIFOG,Focaccia/Beignet : Cette STREET FOOD INÉDITE vient de HONGRIE ! VLOG 1507,hors sujet,
A_VERIFIER.xlsx,a verifier,97,DhFYgl9XuTY,https://www.youtube.com/watch?v=DhFYgl9XuTY,FlorianOnAir,734000,2025-02-19,CIFOG,Un VRAI GUEULETON dans ce BISTROT AUTHENTIQUE ! Les plats sont dingues ! VLOG 1619,hors sujet,
A_VERIFIER.xlsx,a verifier,98,2Xigk6PNknE,https://www.youtube.com/watch?v=2Xigk6PNknE,FlorianOnAir,734000,2025-03-06,ANVOL,"Mars , c'est le mois de la Volaille Française !",collaboration remuneree,"Pas de description, mais la vidéo contient le logo du lobby 'la volaille française', très très probable collaboration commerciale"
A_VERIFIER.xlsx,a verifier,99,IUTiIKq7664,https://www.youtube.com/watch?v=IUTiIKq7664,FlorianOnAir,734000,2025-08-01,CIFOG,🔥  FOLIE GASTRONOMIQUE : BRASERO & FOIE GRAS dans le Cantal et le Lot ! VLOG 1649,hors sujet,
A_VERIFIER.xlsx,a verifier,100,dApXfYpGu2k,https://www.youtube.com/watch?v=dApXfYpGu2k,FlorianOnAir,734000,2025-10-18,CIFOG,ETCHEBEST : je goûte sa raviole au foie gras ! #topchef,hors sujet,
A_VERIFIER.xlsx,a verifier,101,JV-zPbMFDUo,https://www.youtube.com/watch?v=JV-zPbMFDUo,FlorianOnAir,734000,2025-10-27,CIFOG,Le PLAT le + iNCROYABLE ? Ce CHEF réinvente les MACARONI !,hors sujet,
A_VERIFIER.xlsx,a verifier,102,2_khBomtwtE,https://www.youtube.com/watch?v=2_khBomtwtE,FlorianOnAir,734000,2026-01-30,INTERBEV,CES 2 FAST-FOODS DU 93 JOUENT EN LIGUE DES CHAMPIONS !,hors sujet,
A_VERIFIER.xlsx,a verifier,103,Xay9j8ik-xY,https://www.youtube.com/watch?v=Xay9j8ik-xY,FlorianOnAir,734000,2026-05-18,INTERBEV,LE KEBAB LE PLUS MAISON DE FRANCE ? 😳,hors sujet,
A_VERIFIER.xlsx,a verifier,104,pUEH27pVjNs,https://www.youtube.com/watch?v=pUEH27pVjNs,FlorianOnAir,734000,2026-07-07,CIFOG,Ce RESTO QUÉBÉCOIS OSE une POUTINE XL Hors Norme! 😳,hors sujet,
A_VERIFIER.xlsx,a verifier,105,q6AyMZlbMsk,https://www.youtube.com/watch?v=q6AyMZlbMsk,Bonne Pitance,349000,2023-09-21,CIFOG,Merlan de Boeuf ! Sauce foie gras ! Partie 2 #recette #foodlover #boeuf #steak #foiegras #food,hors sujet,ce ne sont que des vidéo de recette sans collaboration commerciale
A_VERIFIER.xlsx,a verifier,106,pDvZ-eOQPPE,https://www.youtube.com/watch?v=pDvZ-eOQPPE,Bonne Pitance,349000,2023-09-21,CIFOG,Merlan de Boeuf ! Sauce foie gras ! Partie 1 #recette #foodlover #boeuf #steak #foiegras #food,hors sujet,ce ne sont que des vidéo de recette sans collaboration commerciale
A_VERIFIER.xlsx,a verifier,107,P5jTjm6OrmY,https://www.youtube.com/watch?v=P5jTjm6OrmY,Bonne Pitance,349000,2023-12-20,CIFOG,La recette de Foie Gras de Tonton Pitance ! #food #recette #foiegras #cuisine #foodie #foodlover,hors sujet,ce ne sont que des vidéo de recette sans collaboration commerciale
A_VERIFIER.xlsx,a verifier,108,qmw7pnr2b2A,https://www.youtube.com/watch?v=qmw7pnr2b2A,Bonne Pitance,349000,2024-03-01,INTERBEV,Épisode 23 : Coq au Vin Jaune ! Partie 2 #food #recette #cuisine #viande #france #foodie,hors sujet,ce ne sont que des vidéo de recette sans collaboration commerciale
A_VERIFIER.xlsx,a verifier,109,8EXx_AuULwA,https://www.youtube.com/watch?v=8EXx_AuULwA,Bonne Pitance,349000,2024-03-01,INTERBEV,Épisode 23 : Coq au Vin Jaune ! Partie 1 #food #recette #cuisine #viande #france #foodie,hors sujet,ce ne sont que des vidéo de recette sans collaboration commerciale
A_VERIFIER.xlsx,a verifier,110,kzlAfWX6F_M,https://www.youtube.com/watch?v=kzlAfWX6F_M,Bonne Pitance,349000,2024-07-12,CIFOG,Le Foie Gras ! Même l'été ! Partie 2,hors sujet,ce ne sont que des vidéo de recette sans collaboration commerciale
A_VERIFIER.xlsx,a verifier,111,GZXlbTsg1YI,https://www.youtube.com/watch?v=GZXlbTsg1YI,Bonne Pitance,349000,2024-07-12,CIFOG,Le Foie Gras ! Même l'été ! Partie 1,hors sujet,ce ne sont que des vidéo de recette sans collaboration commerciale
A_VERIFIER.xlsx,a verifier,112,N3gB24h31kU,https://www.youtube.com/watch?v=N3gB24h31kU,Bonne Pitance,349000,2024-11-25,CIFOG,Foie Gras Fumé ?,hors sujet,ce ne sont que des vidéo de recette sans collaboration commerciale
A_VERIFIER.xlsx,a verifier,113,qlSJceVqwZk,https://www.youtube.com/watch?v=qlSJceVqwZk,Bonne Pitance,349000,2024-12-23,CIFOG,"Rôti de Chapon, Foie Gras/Marrons !",hors sujet,ce ne sont que des vidéo de recette sans collaboration commerciale
A_VERIFIER.xlsx,a verifier,114,LoxVXJINnd4,https://www.youtube.com/watch?v=LoxVXJINnd4,Bonne Pitance,349000,2025-12-05,CIFOG,Terrine de Foie Gras Préssée !,hors sujet,ce ne sont que des vidéo de recette sans collaboration commerciale
A_VERIFIER.xlsx,a verifier,115,c-YKgZmBDfk,https://www.youtube.com/watch?v=c-YKgZmBDfk,Xavier Pincemin,245000,2022-12-22,CIFOG,#1àZ : MA RECETTE DE FOIE GRAS EXPRESS,hors sujet,ce ne sont que des vidéo de recette sans collaboration commerciale
A_VERIFIER.xlsx,a verifier,116,x6GseRu4HUo,https://www.youtube.com/watch?v=x6GseRu4HUo,Xavier Pincemin,245000,2023-12-07,CIFOG,MA RECETTE DE NOËL - LE FOIE GRAS POÊLÉ,hors sujet,ce ne sont que des vidéo de recette sans collaboration commerciale
A_VERIFIER.xlsx,a verifier,117,u--_3agApvY,https://www.youtube.com/watch?v=u--_3agApvY,Xavier Pincemin,245000,2023-12-25,CIFOG,TON FOIE GRAS POUR NOËL,hors sujet,ce ne sont que des vidéo de recette sans collaboration commerciale
A_VERIFIER.xlsx,a verifier,118,H09YjkqVVpk,https://www.youtube.com/watch?v=H09YjkqVVpk,Xavier Pincemin,245000,2024-12-12,CIFOG,Ma recette inratable du Foie Gras Poêlé !,hors sujet,ce ne sont que des vidéo de recette sans collaboration commerciale
A_VERIFIER.xlsx,a verifier,119,NmfZH3uJS5Y,https://www.youtube.com/watch?v=NmfZH3uJS5Y,Xavier Pincemin,245000,2024-12-24,CIFOG,La sauce qui va mettre tout le monde d'accord !,hors sujet,ce ne sont que des vidéo de recette sans collaboration commerciale
A_VERIFIER.xlsx,a verifier,120,On0Nzza4ZAs,https://www.youtube.com/watch?v=On0Nzza4ZAs,Xavier Pincemin,245000,2025-01-12,CIFOG,Je fais la purée de Joël Robuchon sur le tournage d'High & Fines Herbes !,hors sujet,ce ne sont que des vidéo de recette sans collaboration commerciale
A_VERIFIER.xlsx,a verifier,121,nI4wCVKcmjs,https://www.youtube.com/watch?v=nI4wCVKcmjs,Xavier Pincemin,245000,2025-12-28,CIFOG,Notre record de Foie Gras maison !! 🦆👨‍🍳,hors sujet,ce ne sont que des vidéo de recette sans collaboration commerciale
A_VERIFIER.xlsx,a verifier,122,KrN5pAfqJe8,https://www.youtube.com/watch?v=KrN5pAfqJe8,C'est meilleur quand c'est bon,233000,2020-12-27,CIFOG,Recette du foie gras au pain d’épices,hors sujet,
A_VERIFIER.xlsx,a verifier,123,vljc9bippnQ,https://www.youtube.com/watch?v=vljc9bippnQ,C'est meilleur quand c'est bon,233000,2023-10-27,CIFOG,Un bouchon traditionnel comme on les aime,hors sujet,
A_VERIFIER.xlsx,a verifier,124,WOO_UWYbUmU,https://www.youtube.com/watch?v=WOO_UWYbUmU,C'est meilleur quand c'est bon,233000,2023-11-28,CIFOG,Coffrets cadeaux du concours avec les Boucheries Nivernaises,hors sujet,
A_VERIFIER.xlsx,a verifier,125,vUvwZlxA2h4,https://www.youtube.com/watch?v=vUvwZlxA2h4,C'est meilleur quand c'est bon,233000,2024-02-02,CIFOG,Le meilleur de la cuisine gasconne à Paris,hors sujet,
A_VERIFIER.xlsx,a verifier,126,7rFtCk5nKUM,https://www.youtube.com/watch?v=7rFtCk5nKUM,C'est meilleur quand c'est bon,233000,2025-02-07,INTERBEV,Burgers au boeuf d'Aubrac,hors sujet,
A_VERIFIER.xlsx,a verifier,127,wM7nS3Ab8pE,https://www.youtube.com/watch?v=wM7nS3Ab8pE,C'est meilleur quand c'est bon,233000,2025-04-03,CIFOG,Quels sont nos 100 produits préférés ?,hors sujet,
A_VERIFIER.xlsx,a verifier,128,ZWlDZ2YGdqw,https://www.youtube.com/watch?v=ZWlDZ2YGdqw,C'est meilleur quand c'est bon,233000,2025-05-09,CIFOG,Cuisson au feu de bois en Haute-Garonne,hors sujet,
A_VERIFIER.xlsx,a verifier,129,D8nRftQ9_XQ,https://www.youtube.com/watch?v=D8nRftQ9_XQ,C'est meilleur quand c'est bon,233000,2025-05-30,INTERBEV,Une boucherie bar discothèque,hors sujet,
A_VERIFIER.xlsx,a verifier,130,jaWrMmYOjVY,https://www.youtube.com/watch?v=jaWrMmYOjVY,C'est meilleur quand c'est bon,233000,2025-12-16,CIFOG,"Pintade farcie aux marrons et foie gras, rôtie aux échalotes confites",hors sujet,
A_VERIFIER.xlsx,a verifier,131,7qR6v-n1V0c,https://www.youtube.com/watch?v=7qR6v-n1V0c,C'est meilleur quand c'est bon,233000,2026-07-17,CIFOG,Sondage 😋 !,hors sujet,
A_VERIFIER.xlsx,a verifier,132,RBsbxIGJP-U,https://www.youtube.com/watch?v=RBsbxIGJP-U,LeStream,206000,2023-05-29,INAPORC,RENCONTRE AVEC SOPHIE,je ne sais pas,"Il y a le logo du lobby 'le porc français', mais je ne sais pas comment savoir s'il y a une collaboration commerciale. Mais vu le nombre de vues, je ne sais pas si c'est important"
A_VERIFIER.xlsx,a verifier,133,X4CVS0Xt0qE,https://www.youtube.com/watch?v=X4CVS0Xt0qE,Diego Alary,169000,2025-12-13,CIFOG,Foie gras à la truffe pour les fêtes✨👌🏼,hors sujet,
A_VERIFIER.xlsx,a verifier,134,_6od2qY9rR4,https://www.youtube.com/watch?v=_6od2qY9rR4,CuisineAZ.com,156000,2020-12-09,CIFOG,Comment présenter le foie gras ?,hors sujet,
A_VERIFIER.xlsx,a verifier,135,MyJjAAYi288,https://www.youtube.com/watch?v=MyJjAAYi288,CuisineAZ.com,156000,2021-12-21,CIFOG,Sauce au foie gras,hors sujet,
A_VERIFIER.xlsx,a verifier,136,InLCY_0_IXI,https://www.youtube.com/watch?v=InLCY_0_IXI,CuisineAZ.com,156000,2024-07-06,CIFOG,Tournedos rossini,hors sujet,
A_VERIFIER.xlsx,a verifier,137,AwcUrkAnFc8,https://www.youtube.com/watch?v=AwcUrkAnFc8,CuisineAZ.com,156000,2024-12-15,CIFOG,Foie gras fait maison,hors sujet,
A_VERIFIER.xlsx,a verifier,138,iVKins0dWAQ,https://www.youtube.com/watch?v=iVKins0dWAQ,CuisineAZ.com,156000,2024-12-16,CIFOG,Filet de bœuf en croûte au foie gras,hors sujet,
A_VERIFIER.xlsx,a verifier,139,7mOXiZVenvk,https://www.youtube.com/watch?v=7mOXiZVenvk,CuisineAZ.com,156000,2025-12-03,CIFOG,Comment accompagner le foie gras en entrée ?,hors sujet,
A_VERIFIER.xlsx,a verifier,140,eGmDe1Pb-0M,https://www.youtube.com/watch?v=eGmDe1Pb-0M,Check,122000,2018-11-20,CLIPP,"Gaëlle Garcia Diaz, Alkpote, JeanJass, Joeystarr & Cara St-Germain sur le tournage de ""Natasha""",hors sujet,
A_VERIFIER.xlsx,a verifier,141,_BacbxEDniI,https://www.youtube.com/watch?v=_BacbxEDniI,Check,122000,2018-11-29,CLIPP,Youv Dee feat L'Ordre du Périph - Tout se paye #CheckMusic,hors sujet,vidéo de musique
A_VERIFIER.xlsx,a verifier,142,Yc4r1SzVb4Y,https://www.youtube.com/watch?v=Yc4r1SzVb4Y,Check,122000,2019-02-08,CNIEL,Gaëlle Garcia Diaz & Alkpote #CheckFood,collaboration remuneree,"""Une collaboration exclusive avec Les Produits Laitiers (nos amis pour la vie), présentée par Gaëlle Garcia Diaz."""
A_VERIFIER.xlsx,a verifier,143,38vtxSjzi9Y,https://www.youtube.com/watch?v=38vtxSjzi9Y,Check,122000,2019-03-07,CNIEL,Gaëlle Garcia Diaz & KIKESA #CheckFood,collaboration remuneree,"""Toujours en collaboration avec nos amis pour la vie, les Produits Laitiers"""
A_VERIFIER.xlsx,a verifier,144,uXKO48o9DAI,https://www.youtube.com/watch?v=uXKO48o9DAI,Check,122000,2019-03-28,CNIEL,Alkpote & Jok'air #CheckFood,collaboration remuneree,"""En partenariat avec les Produits Laitiers (nos amis pour la vie)."""
A_VERIFIER.xlsx,a verifier,145,EpzHxNBOcrs,https://www.youtube.com/watch?v=EpzHxNBOcrs,Check,122000,2019-09-20,CNIEL,Alkpote & Roi Heenok #CheckFood,collaboration remuneree,"""En partenariat avec les Produits Laitiers (nos amis pour la vie)."""
A_VERIFIER.xlsx,a verifier,146,VfY04ENfC3w,https://www.youtube.com/watch?v=VfY04ENfC3w,Check,122000,2019-11-15,CNIEL,Alkpote & Philippe Katerine #CheckFood,collaboration remuneree,"""En partenariat avec les Produits Laitiers (nos amis pour la vie)."""
A_VERIFIER.xlsx,a verifier,147,4Hlmi8kDjeE,https://www.youtube.com/watch?v=4Hlmi8kDjeE,Check,122000,2019-12-25,CNIEL,"Alkpote, Caballero & JeanJass, Seb et Mehdi Maïzi + guests #CheckFood",collaboration remuneree,"""Partenaire: Les Produits Laitiers"""
A_VERIFIER.xlsx,a verifier,148,CHpCoxV8PvA,https://www.youtube.com/watch?v=CHpCoxV8PvA,Check,122000,2020-03-11,CNIEL,Mister V et le MQEEBD #CheckFood,collaboration remuneree,"""Partenaire: Les Produits Laitiers"""
A_VERIFIER.xlsx,a verifier,149,H0x_Cdhk_5o,https://www.youtube.com/watch?v=H0x_Cdhk_5o,Check,122000,2020-10-22,CNIEL,"KIKESA, Seth Gueko, 47Ter, Matou, P.Prod & Haristone #CheckFood",collaboration remuneree,Toujours en partenariat avec nos amis pour la vie: Les Produits Laitiers 🧀❤️
A_VERIFIER.xlsx,a verifier,150,581oNAeLojg,https://www.youtube.com/watch?v=581oNAeLojg,Check,122000,2020-10-25,CLIPP,"Lujipeka en solo contre les zombies (making-of de ""Putain d'époque"")",hors sujet,vidéo de musique
A_VERIFIER.xlsx,a verifier,151,efkbEp9LzCk,https://www.youtube.com/watch?v=efkbEp9LzCk,Check,122000,2020-11-08,CNIEL,"Medine, Youssoupha, Lino, Oxmo Puccino, Rémy et Pirate #CheckFood",collaboration remuneree,Toujours en partenariat avec nos amis pour la vie: Les Produits Laitiers 🧀❤️
A_VERIFIER.xlsx,a verifier,152,ZaUXXCXUwiU,https://www.youtube.com/watch?v=ZaUXXCXUwiU,Check,122000,2021-01-31,CLIPP,Todiefor et le retour d'Alkpote à Bruxelles,hors sujet,vidéo de musique
A_VERIFIER.xlsx,a verifier,153,bLQ_UrBYgoA,https://www.youtube.com/watch?v=bLQ_UrBYgoA,Check,122000,2021-02-27,CNIEL,"Gazo, Tiakola, Landy & le BSB Gang #CheckFood​",collaboration remuneree,Toujours en partenariat avec nos amis pour la vie: Les Produits Laitiers 🧀❤️
A_VERIFIER.xlsx,a verifier,154,NMDUL6oIP-A,https://www.youtube.com/watch?v=NMDUL6oIP-A,Check,122000,2021-04-21,CNIEL,"S.Pri Noir, Mister V, Still Fresh et le Chef Pincemin #CheckFood",collaboration remuneree,Toujours en partenariat avec nos amis pour la vie: Les Produits Laitiers 🧀❤️
A_VERIFIER.xlsx,a verifier,155,WBa8Ci2k77E,https://www.youtube.com/watch?v=WBa8Ci2k77E,Check,122000,2021-09-19,CNIEL,"Sam’s, Jean-Pascal Zadi, Hakim Jemili & Friends #CheckFood",collaboration remuneree,Toujours en partenariat avec nos amis pour la vie: Les Produits Laitiers 🧀❤️
A_VERIFIER.xlsx,a verifier,156,aGJTYfAbyDQ,https://www.youtube.com/watch?v=aGJTYfAbyDQ,Produits Laitiers,101000,2009-10-09,CNIEL,Paf paf paf le Loup,hors sujet,c'est la chaîne du lobby lui-même. @LesProduitsLaitiers
A_VERIFIER.xlsx,a verifier,157,ULjAi6BS8hw,https://www.youtube.com/watch?v=ULjAi6BS8hw,Produits Laitiers,101000,2010-07-12,CNIEL,Les enfants à la garderie de Solidays,hors sujet,c'est la chaîne du lobby lui-même. @LesProduitsLaitiers
A_VERIFIER.xlsx,a verifier,158,TWPbffJS1_I,https://www.youtube.com/watch?v=TWPbffJS1_I,Produits Laitiers,101000,2011-04-14,CNIEL,Les produits laitiers nos amis pour la vie - bouddha vache - 30 seconde,hors sujet,c'est la chaîne du lobby lui-même. @LesProduitsLaitiers
A_VERIFIER.xlsx,a verifier,159,T1KVHOmRlRo,https://www.youtube.com/watch?v=T1KVHOmRlRo,Produits Laitiers,101000,2011-05-13,CNIEL,Nos amis pour la vie - version 1 - 1981,hors sujet,c'est la chaîne du lobby lui-même. @LesProduitsLaitiers
A_VERIFIER.xlsx,a verifier,160,sbmsDCyaLHA,https://www.youtube.com/watch?v=sbmsDCyaLHA,Produits Laitiers,101000,2011-05-13,CNIEL,Nos amis pour la vie - version 2 - 1981,hors sujet,c'est la chaîne du lobby lui-même. @LesProduitsLaitiers
A_VERIFIER.xlsx,a verifier,161,8orsSMW8DQQ,https://www.youtube.com/watch?v=8orsSMW8DQQ,Produits Laitiers,101000,2011-05-13,CNIEL,Nos amis pour la vie - version 4 - 1981,hors sujet,c'est la chaîne du lobby lui-même. @LesProduitsLaitiers
A_VERIFIER.xlsx,a verifier,162,ukahnLT6n8A,https://www.youtube.com/watch?v=ukahnLT6n8A,Produits Laitiers,101000,2011-05-13,CNIEL,Nos amis pour la vie - version 3 - 1981,hors sujet,c'est la chaîne du lobby lui-même. @LesProduitsLaitiers
A_VERIFIER.xlsx,a verifier,163,HWwyhsvF5Ds,https://www.youtube.com/watch?v=HWwyhsvF5Ds,Produits Laitiers,101000,2011-05-16,CNIEL,"Les produits laitiers, des sensations pures - version sensualité - 1991",hors sujet,c'est la chaîne du lobby lui-même. @LesProduitsLaitiers
A_VERIFIER.xlsx,a verifier,164,CfDzQRCjS7Y,https://www.youtube.com/watch?v=CfDzQRCjS7Y,Produits Laitiers,101000,2011-05-16,CNIEL,"Les produits laitiers, des sentations pures - version fraîcheur - 1991",hors sujet,c'est la chaîne du lobby lui-même. @LesProduitsLaitiers
A_VERIFIER.xlsx,a verifier,165,DiNF6AM_zC0,https://www.youtube.com/watch?v=DiNF6AM_zC0,Produits Laitiers,101000,2011-05-16,CNIEL,"Les produits laitiers, des sensations pures - version force - 1991",hors sujet,c'est la chaîne du lobby lui-même. @LesProduitsLaitiers
A_VERIFIER.xlsx,a verifier,166,kRlgpXwp3RM,https://www.youtube.com/watch?v=kRlgpXwp3RM,Produits Laitiers,101000,2011-05-16,CNIEL,"Les produits laitiers, des sensations pures - version douceur - 1991",hors sujet,c'est la chaîne du lobby lui-même. @LesProduitsLaitiers
A_VERIFIER.xlsx,a verifier,167,EbKHngWrlUo,https://www.youtube.com/watch?v=EbKHngWrlUo,Produits Laitiers,101000,2011-06-29,CNIEL,Régénérez votre corps - 2004,hors sujet,c'est la chaîne du lobby lui-même. @LesProduitsLaitiers
A_VERIFIER.xlsx,a verifier,168,RldwQFwUmmA,https://www.youtube.com/watch?v=RldwQFwUmmA,Produits Laitiers,101000,2011-06-29,CNIEL,Pures sensations - version mer - 2003,hors sujet,c'est la chaîne du lobby lui-même. @LesProduitsLaitiers
A_VERIFIER.xlsx,a verifier,169,k0vTzmIBR6E,https://www.youtube.com/watch?v=k0vTzmIBR6E,Produits Laitiers,101000,2011-06-29,CNIEL,Pures sensations - version espace - 2003,hors sujet,c'est la chaîne du lobby lui-même. @LesProduitsLaitiers
A_VERIFIER.xlsx,a verifier,170,9CjlSY2GUl4,https://www.youtube.com/watch?v=9CjlSY2GUl4,Produits Laitiers,101000,2011-06-29,CNIEL,Pures sensations - version campagne - 2003,hors sujet,c'est la chaîne du lobby lui-même. @LesProduitsLaitiers
A_VERIFIER.xlsx,a verifier,171,N3Kve1If5Dk,https://www.youtube.com/watch?v=N3Kve1If5Dk,Produits Laitiers,101000,2011-06-29,CNIEL,Des sensations pures - la plongée - 1998,hors sujet,c'est la chaîne du lobby lui-même. @LesProduitsLaitiers
A_VERIFIER.xlsx,a verifier,172,Esnr0kPrM7s,https://www.youtube.com/watch?v=Esnr0kPrM7s,Produits Laitiers,101000,2011-06-29,CNIEL,Des sensations pures - la montagne - 1998,hors sujet,c'est la chaîne du lobby lui-même. @LesProduitsLaitiers
A_VERIFIER.xlsx,a verifier,173,b6OPIkYosrs,https://www.youtube.com/watch?v=b6OPIkYosrs,Produits Laitiers,101000,2011-06-29,CNIEL,Des sensations pures - le frigo - 1998,hors sujet,c'est la chaîne du lobby lui-même. @LesProduitsLaitiers
A_VERIFIER.xlsx,a verifier,174,O73tAm_cYBQ,https://www.youtube.com/watch?v=O73tAm_cYBQ,Produits Laitiers,101000,2011-06-29,CNIEL,"Les produits laitiers, des sensations pures - version ville - 1995",hors sujet,c'est la chaîne du lobby lui-même. @LesProduitsLaitiers
A_VERIFIER.xlsx,a verifier,175,D7AByGhlMNg,https://www.youtube.com/watch?v=D7AByGhlMNg,Produits Laitiers,101000,2011-06-29,CNIEL,"Les produits laitiers, des sensations pures - version musicien - 1995",hors sujet,c'est la chaîne du lobby lui-même. @LesProduitsLaitiers
A_VERIFIER.xlsx,a verifier,176,Ag-lLfzGsTE,https://www.youtube.com/watch?v=Ag-lLfzGsTE,Produits Laitiers,101000,2011-12-28,CNIEL,Fromage - Le Monstre - 30s,hors sujet,c'est la chaîne du lobby lui-même. @LesProduitsLaitiers
A_VERIFIER.xlsx,a verifier,177,CcYMGrxZk8I,https://www.youtube.com/watch?v=CcYMGrxZk8I,Produits Laitiers,101000,2012-01-25,CNIEL,Nouvelle pub - 3 produits laitiers par jour - 30s,hors sujet,c'est la chaîne du lobby lui-même. @LesProduitsLaitiers
A_VERIFIER.xlsx,a verifier,178,GuuUPy8SWlY,https://www.youtube.com/watch?v=GuuUPy8SWlY,Produits Laitiers,101000,2012-01-27,CNIEL,Nouvelle pub - 3 produits laitiers par jour - 20s,hors sujet,c'est la chaîne du lobby lui-même. @LesProduitsLaitiers
A_VERIFIER.xlsx,a verifier,179,U9ezrPevhl8,https://www.youtube.com/watch?v=U9ezrPevhl8,Produits Laitiers,101000,2012-10-03,CNIEL,Les produits laitiers sont nos amis pour la vie - publicité 2012,hors sujet,c'est la chaîne du lobby lui-même. @LesProduitsLaitiers
A_VERIFIER.xlsx,a verifier,180,4JqHff5Fs4Q,https://www.youtube.com/watch?v=4JqHff5Fs4Q,Produits Laitiers,101000,2013-01-25,CNIEL,Les Produits Laitiers sont nos amis pour la vie - Bouddha Vache  (HD - version longue),hors sujet,c'est la chaîne du lobby lui-même. @LesProduitsLaitiers
A_VERIFIER.xlsx,a verifier,181,7S31RUZQgNg,https://www.youtube.com/watch?v=7S31RUZQgNg,Produits Laitiers,101000,2013-04-26,CNIEL,La filière laitière en France : la diversité des produits laitiers,hors sujet,c'est la chaîne du lobby lui-même. @LesProduitsLaitiers
A_VERIFIER.xlsx,a verifier,182,1E5MBqBWGew,https://www.youtube.com/watch?v=1E5MBqBWGew,Produits Laitiers,101000,2013-10-11,CNIEL,"Le lait, une force de la nature HD (Automne 2013)",hors sujet,c'est la chaîne du lobby lui-même. @LesProduitsLaitiers
A_VERIFIER.xlsx,a verifier,183,B5ujiOP_9hA,https://www.youtube.com/watch?v=B5ujiOP_9hA,Produits Laitiers,101000,2014-03-06,CNIEL,L'intolérance au lactose,hors sujet,c'est la chaîne du lobby lui-même. @LesProduitsLaitiers
A_VERIFIER.xlsx,a verifier,184,tlWT5T-SkvY,https://www.youtube.com/watch?v=tlWT5T-SkvY,Produits Laitiers,101000,2014-03-06,CNIEL,L'allergie aux protéines de lait,hors sujet,c'est la chaîne du lobby lui-même. @LesProduitsLaitiers
A_VERIFIER.xlsx,a verifier,185,RLIBP8aLuhQ,https://www.youtube.com/watch?v=RLIBP8aLuhQ,Produits Laitiers,101000,2015-02-21,CNIEL,Les Produits Laitiers : n'oublions pas le plaisir,hors sujet,c'est la chaîne du lobby lui-même. @LesProduitsLaitiers
A_VERIFIER.xlsx,a verifier,186,BeTxw0l1rBg,https://www.youtube.com/watch?v=BeTxw0l1rBg,Produits Laitiers,101000,2015-11-20,CNIEL,Les Produits Laitiers : n'oublions pas le plaisir,hors sujet,c'est la chaîne du lobby lui-même. @LesProduitsLaitiers
A_VERIFIER.xlsx,a verifier,187,7PPYOr8lEi4,https://www.youtube.com/watch?v=7PPYOr8lEi4,Produits Laitiers,101000,2016-02-27,CNIEL,N'oublions pas ceux qui font le lait,hors sujet,c'est la chaîne du lobby lui-même. @LesProduitsLaitiers
A_VERIFIER.xlsx,a verifier,188,3INsZuZr96I,https://www.youtube.com/watch?v=3INsZuZr96I,Produits Laitiers,101000,2016-09-07,CNIEL,N’oublions pas ceux qui font le lait,hors sujet,c'est la chaîne du lobby lui-même. @LesProduitsLaitiers
A_VERIFIER.xlsx,a verifier,189,QjG3lbD3zbU,https://www.youtube.com/watch?v=QjG3lbD3zbU,Produits Laitiers,101000,2017-09-28,CNIEL,Diffusion en direct de Produits Laitiers,hors sujet,c'est la chaîne du lobby lui-même. @LesProduitsLaitiers
A_VERIFIER.xlsx,a verifier,190,sDYIZeun8W8,https://www.youtube.com/watch?v=sDYIZeun8W8,Produits Laitiers,101000,2017-10-26,CNIEL,La Qualité du Lait,hors sujet,c'est la chaîne du lobby lui-même. @LesProduitsLaitiers
A_VERIFIER.xlsx,a verifier,191,i-2Xuze2Pv8,https://www.youtube.com/watch?v=i-2Xuze2Pv8,Produits Laitiers,101000,2018-07-18,CNIEL,"50 fromages, beurres et crèmes AOP : la preuve de l'authenticité",hors sujet,c'est la chaîne du lobby lui-même. @LesProduitsLaitiers
A_VERIFIER.xlsx,a verifier,192,5jQCw_7o87Q,https://www.youtube.com/watch?v=5jQCw_7o87Q,Produits Laitiers,101000,2018-11-23,CNIEL,Les Produits Laitiers sont nos amis pour la vie - Mister V,hors sujet,"c'est la chaîne du lobby lui-même. @LesProduitsLaitiers - même s'il s'agit d'une pub avec Mister V, un influenceur déjà identifié"
A_VERIFIER.xlsx,a verifier,193,9kQ5WB9PYZI,https://www.youtube.com/watch?v=9kQ5WB9PYZI,Produits Laitiers,101000,2019-02-15,CNIEL,Teaser Pub TV Les Produits Laitiers x Mister V,hors sujet,"c'est la chaîne du lobby lui-même. @LesProduitsLaitiers - même s'il s'agit d'une pub avec Mister V, un influenceur déjà identifié"
A_VERIFIER.xlsx,a verifier,194,7iHyZ3JNmrE,https://www.youtube.com/watch?v=7iHyZ3JNmrE,Produits Laitiers,101000,2019-03-06,CNIEL,PUB TV - LES PRODUITS LAITIERS x MISTER V,hors sujet,"c'est la chaîne du lobby lui-même. @LesProduitsLaitiers - même s'il s'agit d'une pub avec Mister V, un influenceur déjà identifié"
A_VERIFIER.xlsx,a verifier,195,ZxgNLZL-Sb8,https://www.youtube.com/watch?v=ZxgNLZL-Sb8,Produits Laitiers,101000,2019-03-21,CNIEL,MYRIAM MET DU BEURRE DANS TES EPINARDS – Ep.3 Brochettes Boeuf x Fromage,hors sujet,"c'est la chaîne du lobby lui-même. @LesProduitsLaitiers - même s'il s'agit d'une pub @Myriamanhattan dans ta cuisine, elle va mettre du beurre dans tes épinards !

Un programme pour partager ses bons plans, tes recettes préférées sans craquer ton budget.

Si tu veux que Myriam @Myriamanhattan débarque dans ta cuisine, mentionnes la sur Twitter, Insta ou en commentaire avec #MyriamDansTaCuisine.
(Si tu commentes sous la vidéo, penses à mettre ton @ pour que Myriam te trouve)

Retrouve aussi Myriam sur :
Twitter   / myriamanhattan   
et Instagram :   / myriamanhat.  .(en gros, la chaîne YouTube des Produits Laitiers recense pas mal de preuves de collaborations commerciales, mais ces vidéos sont de rediffusions sur la chaîne du lobby"
A_VERIFIER.xlsx,a verifier,196,vayWBJrDUvY,https://www.youtube.com/watch?v=vayWBJrDUvY,Produits Laitiers,101000,2019-07-26,CNIEL,"L’AOP & Curious : Morgan VS, Youtubeur",hors sujet,"""Morgan VS aussi s’est pris au jeu de l’AOP and Curious."" >> finalement, je me demande dans quelle catégorie mettre ces vidéos. Peut-être pas hors sujet? Mais en même temps, ce qui nous intéresse, ce sont les collaborations commerciales en court, pas celle passées"
A_VERIFIER.xlsx,a verifier,197,5VUwyebsRb4,https://www.youtube.com/watch?v=5VUwyebsRb4,Produits Laitiers,101000,2019-07-26,CNIEL,"L’AOP & Curious : Francis Poineaux, berger au Pays Basque, producteur de fromages en Ossau-iraty",hors sujet,
A_VERIFIER.xlsx,a verifier,198,i_Z0BfN99H4,https://www.youtube.com/watch?v=i_Z0BfN99H4,Produits Laitiers,101000,2019-07-26,CNIEL,"L’AOP & Curious - Eric Chevalier, fabricant et affineur de fromages en Franche Comté",hors sujet,
A_VERIFIER.xlsx,a verifier,199,nLXBWwZ1vxI,https://www.youtube.com/watch?v=nLXBWwZ1vxI,Produits Laitiers,101000,2019-08-23,CNIEL,MYRIAM MET DU BEURRE DANS TES EPINARDS – Ep.5 pâtes au saumon amélioré (avec Sido Cuisto),hors sujet,pareil que plus haut
A_VERIFIER.xlsx,a verifier,200,Al2y08OAaJ8,https://www.youtube.com/watch?v=Al2y08OAaJ8,Produits Laitiers,101000,2020-05-06,CNIEL,Eh mais y a quoi dans le lait en fait ?,hors sujet,c'est la chaîne du lobby lui-même. @LesProduitsLaitiers
A_VERIFIER.xlsx,a verifier,201,ZYunQ4CjcvA,https://www.youtube.com/watch?v=ZYunQ4CjcvA,Produits Laitiers,101000,2020-05-06,CNIEL,Milk Check : C'est vrai que les vaches polluent ?,hors sujet,c'est la chaîne du lobby lui-même. @LesProduitsLaitiers
A_VERIFIER.xlsx,a verifier,202,MVp2RkzLBpA,https://www.youtube.com/watch?v=MVp2RkzLBpA,Produits Laitiers,101000,2020-05-06,CNIEL,Et si on en parlait : La qualité du lait.,hors sujet,c'est la chaîne du lobby lui-même. @LesProduitsLaitiers
A_VERIFIER.xlsx,a verifier,203,58nY2sZc-1A,https://www.youtube.com/watch?v=58nY2sZc-1A,Produits Laitiers,101000,2020-05-06,CNIEL,Milk Check : Y'a quoi dans le lait ?,hors sujet,c'est la chaîne du lobby lui-même. @LesProduitsLaitiers
A_VERIFIER.xlsx,a verifier,204,m5nsAxcjYZo,https://www.youtube.com/watch?v=m5nsAxcjYZo,Produits Laitiers,101000,2020-05-06,CNIEL,Et si on en parlait : C'est quoi une ferme laitière en France ?,hors sujet,c'est la chaîne du lobby lui-même. @LesProduitsLaitiers
A_VERIFIER.xlsx,a verifier,205,3vmnwH0WSMU,https://www.youtube.com/watch?v=3vmnwH0WSMU,Produits Laitiers,101000,2020-09-08,CNIEL,Et si on en parlait : Les jus végétaux,hors sujet,c'est la chaîne du lobby lui-même. @LesProduitsLaitiers
A_VERIFIER.xlsx,a verifier,206,V8jvr6gfhyI,https://www.youtube.com/watch?v=V8jvr6gfhyI,Produits Laitiers,101000,2020-09-08,CNIEL,Milk Check : Consommer les produits laitiers après la date limite ?,hors sujet,c'est la chaîne du lobby lui-même. @LesProduitsLaitiers
A_VERIFIER.xlsx,a verifier,207,pqqRJN8HjWE,https://www.youtube.com/watch?v=pqqRJN8HjWE,Produits Laitiers,101000,2020-09-08,CNIEL,Et si on en parlait : Le bien-être des vaches laitières.,hors sujet,c'est la chaîne du lobby lui-même. @LesProduitsLaitiers
A_VERIFIER.xlsx,a verifier,208,nrV7gX2uWCM,https://www.youtube.com/watch?v=nrV7gX2uWCM,Produits Laitiers,101000,2021-02-22,CNIEL,"Les vaches, ça pollue ?",hors sujet,c'est la chaîne du lobby lui-même. @LesProduitsLaitiers
A_VERIFIER.xlsx,a verifier,209,RmM5kz-VVls,https://www.youtube.com/watch?v=RmM5kz-VVls,Produits Laitiers,101000,2021-03-01,CNIEL,DANS NOS ASSIETTES - BENJAMIN,hors sujet,c'est la chaîne du lobby lui-même. @LesProduitsLaitiers
A_VERIFIER.xlsx,a verifier,210,pRbQ4khqWSk,https://www.youtube.com/watch?v=pRbQ4khqWSk,Produits Laitiers,101000,2021-03-01,CNIEL,DANS NOS ASSIETTES - TARA,hors sujet,c'est la chaîne du lobby lui-même. @LesProduitsLaitiers
A_VERIFIER.xlsx,a verifier,211,V2f-mjGFKUo,https://www.youtube.com/watch?v=V2f-mjGFKUo,Produits Laitiers,101000,2021-03-03,CNIEL,"Dis Jamy, il y a quoi dans les produits laitiers ?",hors sujet,c'est la chaîne du lobby lui-même. @LesProduitsLaitiers
A_VERIFIER.xlsx,a verifier,212,8UOOO1uC-Ns,https://www.youtube.com/watch?v=8UOOO1uC-Ns,Produits Laitiers,101000,2021-06-01,CNIEL,"La biodiversité, au cœur de la filière laitière",hors sujet,c'est la chaîne du lobby lui-même. @LesProduitsLaitiers
A_VERIFIER.xlsx,a verifier,213,ZlLjvG1voQU,https://www.youtube.com/watch?v=ZlLjvG1voQU,Produits Laitiers,101000,2022-01-01,CNIEL,"Les Produits Laitiers, Ensemble pour la vie",hors sujet,c'est la chaîne du lobby lui-même. @LesProduitsLaitiers
A_VERIFIER.xlsx,a verifier,214,ws3WGmINlIg,https://www.youtube.com/watch?v=ws3WGmINlIg,Produits Laitiers,101000,2022-12-12,CNIEL,LES JONES - BURGERS,hors sujet,c'est la chaîne du lobby lui-même. @LesProduitsLaitiers
A_VERIFIER.xlsx,a verifier,215,MRgD8nhPyvE,https://www.youtube.com/watch?v=MRgD8nhPyvE,Produits Laitiers,101000,2023-02-15,CNIEL,Pub TV - Les Produits Laitiers Manga - Environnement,hors sujet,c'est la chaîne du lobby lui-même. @LesProduitsLaitiers
A_VERIFIER.xlsx,a verifier,216,xjsrqaP-sHQ,https://www.youtube.com/watch?v=xjsrqaP-sHQ,Produits Laitiers,101000,2023-02-15,CNIEL,Pub TV - Les Produits Laitiers Manga - Y a quoi dans le lait ?,hors sujet,c'est la chaîne du lobby lui-même. @LesProduitsLaitiers
A_VERIFIER.xlsx,a verifier,217,3QvRInOnfqo,https://www.youtube.com/watch?v=3QvRInOnfqo,Produits Laitiers,101000,2023-05-31,CNIEL,Pub Les Produits Laitiers Manga - Filière Laitière,hors sujet,c'est la chaîne du lobby lui-même. @LesProduitsLaitiers
A_VERIFIER.xlsx,a verifier,218,TnEvL8_RrOM,https://www.youtube.com/watch?v=TnEvL8_RrOM,Le Paris d'Alexis,71100,2022-06-03,CIFOG,Umami Burger arrive à Paris !,hors sujet,"un influenceur culinaire qui mange surement gratuitement dans un restaurant, on s'en fiche"
A_VERIFIER.xlsx,a verifier,219,KBHchhApcIg,https://www.youtube.com/watch?v=KBHchhApcIg,Le Paris d'Alexis,71100,2026-02-09,CIFOG,Que vaut Gueuleton ?,hors sujet,"un influenceur culinaire qui mange surement gratuitement dans un restaurant, on s'en fiche"
A_VERIFIER.xlsx,a verifier,220,2GBSFSqdJ6o,https://www.youtube.com/watch?v=2GBSFSqdJ6o,Le Paris d'Alexis,71100,2026-03-13,CIFOG,Le vol-au-vent de Drouant,hors sujet,"un influenceur culinaire qui mange surement gratuitement dans un restaurant, on s'en fiche"
A_VERIFIER.xlsx,a verifier,221,jaXUyzOkBGc,https://www.youtube.com/watch?v=jaXUyzOkBGc,Le Paris d'Alexis,71100,2026-04-01,CIFOG,Recette : Vol-au-vent de Drouant 🇫🇷,hors sujet,"un influenceur culinaire qui mange surement gratuitement dans un restaurant, on s'en fiche"
A_VERIFIER.xlsx,a verifier,222,qwz_vU-_tGg,https://www.youtube.com/watch?v=qwz_vU-_tGg,Le Paris d'Alexis,71100,2026-04-24,CIFOG,Un bistrot typiquement parisien,hors sujet,"un influenceur culinaire qui mange surement gratuitement dans un restaurant, on s'en fiche"
A_VERIFIER.xlsx,a verifier,223,f63Ze8HJNhs,https://www.youtube.com/watch?v=f63Ze8HJNhs,Le Paris d'Alexis,71100,2026-05-10,CIFOG,Un bistrot dédié à la cuisine française 🇫🇷,hors sujet,"un influenceur culinaire qui mange surement gratuitement dans un restaurant, on s'en fiche"
A_VERIFIER.xlsx,a verifier,224,aBBNlxBAVMc,https://www.youtube.com/watch?v=aBBNlxBAVMc,Le Paris d'Alexis,71100,2026-05-18,CIFOG,Ce resto est une institution parisienne,hors sujet,"un influenceur culinaire qui mange surement gratuitement dans un restaurant, on s'en fiche"
A_VERIFIER.xlsx,a verifier,225,iJQ9UNilkP0,https://www.youtube.com/watch?v=iJQ9UNilkP0,Le Paris d'Alexis,71100,2026-07-19,INTERBEV,Ce smash burger dont tout le monde parle !!,hors sujet,"un influenceur culinaire qui mange surement gratuitement dans un restaurant, on s'en fiche"
A_VERIFIER.xlsx,a verifier,226,wl0pJAjCJAA,https://www.youtube.com/watch?v=wl0pJAjCJAA,ChesterFoodies,66600,2025-11-17,CIFOG,Foie gras maison facile 😋,hors sujet,vidéo de recette sans collaboration commerciale
A_VERIFIER.xlsx,a verifier,227,yb-LUIRGZ7o,https://www.youtube.com/watch?v=yb-LUIRGZ7o,ChesterFoodies,66600,2025-12-03,CIFOG,Tourte Volaille Champignons Sauce foie gras,hors sujet,vidéo de recette sans collaboration commerciale
A_VERIFIER.xlsx,a verifier,228,frp-4gQv5WU,https://www.youtube.com/watch?v=frp-4gQv5WU,Cuisinons En Couleurs,33100,2025-06-16,ANVOL,"Shawarma maison, la recette facile",je ne sais pas,"la vidéo contient le logo de 'la volaille française', mais pas de 'partenariat' ou 'collaboration' dans la description"
A_VERIFIER.xlsx,a verifier,229,4HTmj7_EDNI,https://www.youtube.com/watch?v=4HTmj7_EDNI,Vaimalama,25200,2022-07-16,ANVOL,VIE EN VAN - ÉTAPE 1 : RÉPARER LE VAN,hors sujet,"""En collaboration avec Combeing, le rêve de ma vie est sur le point de commencer !"""
A_VERIFIER.xlsx,a verifier,230,ohdtMIfIt54,https://www.youtube.com/watch?v=ohdtMIfIt54,FERRANDI Paris,16700,2022-11-04,CIFOG,"Le nouveau livre de FERRANDI Paris : ""TERRINES""",hors sujet,recette
A_VERIFIER.xlsx,a verifier,231,6a85ZJQ-P2o,https://www.youtube.com/watch?v=6a85ZJQ-P2o,TasteFrance Magazine,5340,2020-10-30,CIFOG,LE BEST CHEF COMPETITION FINAL (French chefs cooking video),hors sujet,pas des influenceurs
A_VERIFIER.xlsx,a verifier,232,C8-MxuimQ0M,https://www.youtube.com/watch?v=C8-MxuimQ0M,TasteFrance Magazine,5340,2021-11-04,INTERBEV,MEAT AND CHEESE LOVERS:  The Unexpected French Tour | Food Tradition,hors sujet,pas des influenceurs
A_VERIFIER.xlsx,a verifier,233,AvZak281rlg,https://www.youtube.com/watch?v=AvZak281rlg,TasteFrance Magazine,5340,2025-01-20,CIFOG,Tournedos Rossini 🥩,hors sujet,pas des influenceurs
A_VERIFIER.xlsx,a verifier,234,van1h5k2A4I,https://www.youtube.com/watch?v=van1h5k2A4I,MaximeChao,4910,2018-10-28,CLIPP,Red Dead Redemption 2 : aucun clipping ni popping même dans les airs (mission montgolfière),hors sujet,jeu vidéo
A_VERIFIER.xlsx,a verifier,235,gQfgRoyKZN8,https://www.youtube.com/watch?v=gQfgRoyKZN8,Lucky Délices,4040,2022-12-24,CIFOG,Comment faire la recette rapide du foie gras mi cuit,hors sujet,recette
A_VERIFIER.xlsx,a verifier,236,3BJ4A5K5vm8,https://www.youtube.com/watch?v=3BJ4A5K5vm8,AgenceBio,2670,2015-02-28,INTERBEV,Quiz viande bio proposé par la commission bio d'Interbev,hors sujet,pas des influenceurs
A_VERIFIER.xlsx,a verifier,237,90or2jT6LNk,https://www.youtube.com/watch?v=90or2jT6LNk,AgenceBio,2670,2018-07-09,CNIEL,De la terre à l'assiette - épisode 15,hors sujet,pas des influenceurs
A_VERIFIER.xlsx,a verifier,238,C4o8zYlIFgU,https://www.youtube.com/watch?v=C4o8zYlIFgU,AgenceBio,2670,2021-03-11,CNIEL,"Replay La Quotidienne ""Dossier BIO"" avec Philippe Henry et Christophe Audoin en ambassadeurs du bio",hors sujet,pas des influenceurs
A_VERIFIER.xlsx,a verifier,239,WrXyCPlltGU,https://www.youtube.com/watch?v=WrXyCPlltGU,Ophély Mézino,1750,2022-03-11,CNIEL,"Weekly #VLOG n°1: PARIS FASHION WEEK, ÉVÈNEMENTS, UNE SEMAINE DANS MA VIE 🔥",je ne sais pas,"très peu de subscribers - mais elle dit bien 'on est allé au salon de l'agriculture avec Les Porduits Laitiers', mais rien dans la descritpion. Tu as moyen de trouver en ligne des info sur la campagne des produits laitiers? J'ai l'impression qu'ils ont filé plein de thunes à plein de créateurs de contenu"
A_VERIFIER.xlsx,a verifier,240,WAYbZ91iVU4,https://www.youtube.com/watch?v=WAYbZ91iVU4,Marché de Rungis,1320,2020-12-23,CNIEL,Les Paniers Marché de Rungis x Christophe Saintagne,hors sujet,pas des influenceurs
A_VERIFIER.xlsx,a verifier,241,5CFBRpwEuwU,https://www.youtube.com/watch?v=5CFBRpwEuwU,Marché de Rungis,1320,2021-10-26,CNIEL,RUNGIS CHEESE CHALLENGE,hors sujet,pas des influenceurs
A_VERIFIER.xlsx,a verifier,242,aj4cwRWjGAg,https://www.youtube.com/watch?v=aj4cwRWjGAg,Marché de Rungis,1320,2023-05-31,CIFOG,La saga des restaurants du Marché - Épisode 2,hors sujet,pas des influenceurs
A_VERIFIER.xlsx,a verifier,243,2ePeGzu8LWM,https://www.youtube.com/watch?v=2ePeGzu8LWM,Marché de Rungis,1320,2023-07-03,CNIEL,RUNGIS CHEESE CHALLENGE,hors sujet,pas des influenceurs
A_VERIFIER.xlsx,a verifier,244,IUZpTS-6e8k,https://www.youtube.com/watch?v=IUZpTS-6e8k,Marché de Rungis,1320,2023-10-16,CNIEL,Festival des Produits Laitiers 2023,hors sujet,pas des influenceurs
A_VERIFIER.xlsx,a verifier,245,QzDtN4Ln_ec,https://www.youtube.com/watch?v=QzDtN4Ln_ec,Marché de Rungis,1320,2023-12-22,CIFOG,Épisode 2 : Cheffe Ghislaine Arabian et son menu de fête à 35€ 👩🏼‍🍳🎄,hors sujet,pas des influenceurs
A_VERIFIER.xlsx,a verifier,246,g3C1O-tHxTE,https://www.youtube.com/watch?v=g3C1O-tHxTE,Marché de Rungis,1320,2024-04-04,CNIEL,Retour en images sur la 2ème Grande Chasse à l’Œuf au Marché International de Rungis 🐣🐤🥚,hors sujet,pas des influenceurs
A_VERIFIER.xlsx,a verifier,247,cQ0vbRpXMac,https://www.youtube.com/watch?v=cQ0vbRpXMac,Lefooding,681,2008-07-17,CIFOG,Crème de foie gras - Toquéra 001,hors sujet,"recette, pas de signe de collaboration commerciale"
A_VERIFIER.xlsx,a verifier,248,hg7YObE9J1k,https://www.youtube.com/watch?v=hg7YObE9J1k,Lefooding,681,2009-05-14,CIFOG,"TOQUÉRA 050, Foie gras poêlé aux fraises des bois par Thomas Boullault, L'ARÔME, PARIS",hors sujet,"recette, pas de signe de collaboration commerciale"
A_VERIFIER.xlsx,a verifier,249,ryuHzRsbTEg,https://www.youtube.com/watch?v=ryuHzRsbTEg,Lefooding,681,2009-12-26,CIFOG,"TOQUÉRA 057, Foie gras poêlé, wok de girolles et groseilles, par Adeline Grattard, Yam'tcha, Paris",hors sujet,"recette, pas de signe de collaboration commerciale"
A_VERIFIER.xlsx,a verifier,250,c1TecCzalxw,https://www.youtube.com/watch?v=c1TecCzalxw,Lefooding,681,2009-12-26,CIFOG,"TOQUÉRA 072, Croquettes de lapin au foie gras, par Yariv Berreby, Paris",hors sujet,"recette, pas de signe de collaboration commerciale"
A_VERIFIER.xlsx,a verifier,251,IQtiGVXmZ0s,https://www.youtube.com/watch?v=IQtiGVXmZ0s,Volailles Fermières des Landes,681,2025-11-06,CIFOG,Ballotines de Poulet Fermier des Landes au Foie Gras de Canard Fermier des Landes,hors sujet,"recette, pas de signe de collaboration commerciale"
A_VERIFIER.xlsx,a verifier,252,u2lizGnqhTE,https://www.youtube.com/watch?v=u2lizGnqhTE,Naturellement Flexitariens,379,2019-02-18,INTERBEV,"Aimez la viande, mangez-en mieux. - 2019",hors sujet,"C'est directement de la pub du lobby de la viande, sur la chaîne ""@NaturellementFlexitariens"""
A_VERIFIER.xlsx,a verifier,253,0DtE05qWHrk,https://www.youtube.com/watch?v=0DtE05qWHrk,Naturellement Flexitariens,379,2020-08-31,INTERBEV,"Aimez la viande, mangez-en mieux. - 2020",hors sujet,"C'est directement de la pub du lobby de la viande, sur la chaîne ""@NaturellementFlexitariens"""
A_VERIFIER.xlsx,a verifier,254,D5aGD-cse2k,https://www.youtube.com/watch?v=D5aGD-cse2k,Naturellement Flexitariens,379,2020-08-31,INTERBEV,"Aimez la viande, mangez-en mieux.",hors sujet,"C'est directement de la pub du lobby de la viande, sur la chaîne ""@NaturellementFlexitariens"""
A_VERIFIER.xlsx,a verifier,255,5AZjClLGjrk,https://www.youtube.com/watch?v=5AZjClLGjrk,Naturellement Flexitariens,379,2021-04-12,INTERBEV,"Aimez la viande, mangez-en mieux. Thomas revient...",hors sujet,"C'est directement de la pub du lobby de la viande, sur la chaîne ""@NaturellementFlexitariens"""
A_VERIFIER.xlsx,a verifier,256,3IA1CjJ304c,https://www.youtube.com/watch?v=3IA1CjJ304c,Naturellement Flexitariens,379,2021-09-21,INTERBEV,La Sauce de la Paix - Naturellement Flexitariens,hors sujet,"C'est directement de la pub du lobby de la viande, sur la chaîne ""@NaturellementFlexitariens"""
A_VERIFIER.xlsx,a verifier,257,3FIZyVItA5M,https://www.youtube.com/watch?v=3FIZyVItA5M,Naturellement Flexitariens,379,2021-09-21,INTERBEV,La Sauce de la Paix - Naturellement Flexitariens - 6s,hors sujet,"C'est directement de la pub du lobby de la viande, sur la chaîne ""@NaturellementFlexitariens"""
A_VERIFIER.xlsx,a verifier,258,uKsWyK8iKb0,https://www.youtube.com/watch?v=uKsWyK8iKb0,Naturellement Flexitariens,379,2021-09-21,INTERBEV,La Sauce de la Paix - Naturellement Flexitariens - Qui veut...,hors sujet,"C'est directement de la pub du lobby de la viande, sur la chaîne ""@NaturellementFlexitariens"""
A_VERIFIER.xlsx,a verifier,259,fjGFLUdckEA,https://www.youtube.com/watch?v=fjGFLUdckEA,Naturellement Flexitariens,379,2021-09-21,INTERBEV,La Sauce de la Paix - Naturellement Flexitariens - Liberté,hors sujet,"C'est directement de la pub du lobby de la viande, sur la chaîne ""@NaturellementFlexitariens"""
A_VERIFIER.xlsx,a verifier,260,ewn-WuaNaBA,https://www.youtube.com/watch?v=ewn-WuaNaBA,Naturellement Flexitariens,379,2023-03-17,INTERBEV,"FLEXIVAL, le festival Naturellement Flexitariens !",hors sujet,"C'est directement de la pub du lobby de la viande, sur la chaîne ""@NaturellementFlexitariens"""
A_VERIFIER.xlsx,a verifier,261,Qrt6yDAay64,https://www.youtube.com/watch?v=Qrt6yDAay64,Naturellement Flexitariens,379,2023-09-05,INTERBEV,"Aimez la viande, mangez-en mieux.",hors sujet,"C'est directement de la pub du lobby de la viande, sur la chaîne ""@NaturellementFlexitariens"""
A_VERIFIER.xlsx,a verifier,262,V5AhSTCRoWA,https://www.youtube.com/watch?v=V5AhSTCRoWA,Naturellement Flexitariens,379,2023-09-05,INTERBEV,"Aimez la viande, mangez-en mieux.",hors sujet,"C'est directement de la pub du lobby de la viande, sur la chaîne ""@NaturellementFlexitariens"""
A_VERIFIER.xlsx,a verifier,263,BfDX8xrOXvM,https://www.youtube.com/watch?v=BfDX8xrOXvM,Naturellement Flexitariens,379,2023-09-05,INTERBEV,"Aimez la viande, mangez-en mieux.",hors sujet,"C'est directement de la pub du lobby de la viande, sur la chaîne ""@NaturellementFlexitariens"""
A_VERIFIER.xlsx,a verifier,264,qM7dweer7ps,https://www.youtube.com/watch?v=qM7dweer7ps,Le Poulailler d'Augustin,373,2025-01-05,CIFOG,Composez votre propre planche apéro,hors sujet,pub d'un restaurant avec 374 subscribers. On s'en fiche
A_VERIFIER.xlsx,a verifier,265,jStuIeMRP28,https://www.youtube.com/watch?v=jStuIeMRP28,Le Poulailler d'Augustin,373,2025-04-20,CIFOG,Cailles CHAPONNÉES farcies au FOIE GRAS maison,hors sujet,pub d'un restaurant avec 374 subscribers. On s'en fiche
A_VERIFIER.xlsx,a verifier,266,WfaurotYnvM,https://www.youtube.com/watch?v=WfaurotYnvM,Le Poulailler d'Augustin,373,2025-12-01,CIFOG,🎄🥂 COMMANDES de Noël OUVERTES,hors sujet,pub d'un restaurant avec 374 subscribers. On s'en fiche
A_VERIFIER.xlsx,a verifier,267,2UHJfW3w5Sk,https://www.youtube.com/watch?v=2UHJfW3w5Sk,Le Poulailler d'Augustin,373,2025-12-07,CIFOG,🎄 Bientôt les Fêtes au Poulailler ✨,hors sujet,pub d'un restaurant avec 374 subscribers. On s'en fiche
A_VERIFIER.xlsx,a verifier,268,cLCfDNEqZ1w,https://www.youtube.com/watch?v=cLCfDNEqZ1w,Le Poulailler d'Augustin,373,2025-12-24,CIFOG,Joyeux Noël,hors sujet,pub d'un restaurant avec 374 subscribers. On s'en fiche
A_VERIFIER.xlsx,a verifier,269,Nj7tWy8H8do,https://www.youtube.com/watch?v=Nj7tWy8H8do,Madrange,221,2019-10-31,INAPORC,Mes Knacks Madrange 2019,hors sujet,pub d'un industrie de la viande https://www.madrange.fr/
A_VERIFIER.xlsx,a verifier,270,Q6JHmP7muUo,https://www.youtube.com/watch?v=Q6JHmP7muUo,Madrange,221,2021-01-15,INAPORC,MADRANGE Les stars du quotidien 2021 - L'étudiante,hors sujet,pub d'un industrie de la viande https://www.madrange.fr/
A_VERIFIER.xlsx,a verifier,271,71Ff2LmoqPI,https://www.youtube.com/watch?v=71Ff2LmoqPI,Madrange,221,2021-01-15,INAPORC,MADRANGE Mon jambon blanc Conservation sans nitrite,hors sujet,pub d'un industrie de la viande https://www.madrange.fr/
A_VERIFIER.xlsx,a verifier,272,DFTiz3SdXpY,https://www.youtube.com/watch?v=DFTiz3SdXpY,Madrange,221,2026-07-28,INAPORC,Les jambons origine France Madrange,hors sujet,pub d'un industrie de la viande https://www.madrange.fr/
A_VERIFIER_2.xlsx,a verifier,2,6xk-H3ogcKQ,https://www.youtube.com/watch?v=6xk-H3ogcKQ,David Guetta,27900000,2023-11-29,ANVOL,"David Guetta, Ayra Starr & Lil Durk - Big FU (Official Video)",hors sujet,vidéo de musique
A_VERIFIER_2.xlsx,a verifier,3,a6OL2yeJQHs,https://www.youtube.com/watch?v=a6OL2yeJQHs,Poisson Fécond,3840000,2022-11-25,CNIEL,1 An à Boire Que du Lait : ÇA FAIT QUOI ?!,hors sujet,vidéo de vulgarisation sur l'effet des produits laitiers
A_VERIFIER_2.xlsx,a verifier,4,TYCDyBNXv-k,https://www.youtube.com/watch?v=TYCDyBNXv-k,Lena Situations,3210000,2021-08-23,ANVOL,je sui a laeropor bisouuuu je m'anvol,je ne sais pas,Je n'ai pas l'impression que ça parle de viande ou de produits laitiers à aucun moment. Il n'y a rien d'intéressant dans la description. Mais je n'ai pas regardé toute la vidéo. Où en est-on du scrapping complet des transcripts? C'est trop compliqué ?
A_VERIFIER_2.xlsx,a verifier,5,j7amIDIVMD4,https://www.youtube.com/watch?v=j7amIDIVMD4,Violin Phonix,3160000,2022-10-20,CLIPP,Game of Thrones - Light of the seven - Violin Phonix (Cover),hors sujet,vidéo de musique
A_VERIFIER_2.xlsx,a verifier,6,QtPajzfveDU,https://www.youtube.com/watch?v=QtPajzfveDU,Benoit Chevalier,2910000,2026-08-02,CLIPP,ÉPISODE 38 - DEUXIÈME JOUR DE TOURNAGE DU CLIP 🇺🇸🌴,je ne sais pas,2 heures de vidéo. Je ne regard pas tout. Rien d'intéressant dans la description
A_VERIFIER_2.xlsx,a verifier,7,sTf9mOZv5j4,https://www.youtube.com/watch?v=sTf9mOZv5j4,Benoit Chevalier,2910000,2026-08-02,CLIPP,ÉPISODE 37 - PREMIER JOUR DU TOURNAGE DU CLIP 🇺🇸🌴,je ne sais pas,Pareil
A_VERIFIER_2.xlsx,a verifier,8,v-sLRmZJMkA,https://www.youtube.com/watch?v=v-sLRmZJMkA,Benoit Chevalier,2910000,2026-08-02,CLIPP,ÉPISODE 36 - DÉCOUVREZ LES COULISSES DU CLIP 🎬 👑,je ne sais pas,Pareil
A_VERIFIER_2.xlsx,a verifier,9,V4N9B8aisZg,https://www.youtube.com/watch?v=V4N9B8aisZg,CANAL+,1760000,2026-05-24,CNIEL,Petit tour en cuisines avec NIels Schneider 🍳,je ne sais pas,"vidéo de CANAL+ avec recette non vegan, mais pas de mention de collaboration commerciale"
A_VERIFIER_2.xlsx,a verifier,10,BGMMg41mqKY,https://www.youtube.com/watch?v=BGMMg41mqKY,Studio Danielle,1740000,2023-02-15,CNIEL,LE TOUR DE LA GRATTE À MARSEILLE,collaboration remuneree,"""Cette vidéo est en partenariat avec Les Produits Laitiers et leur campagne En Mode Actif cofinancée par l'UE, qui vise à lutter contre la sédentarité.
Merci à eux pour leur confiance !
Avec l'Europe, passez en mode actif ! 
Collaboration commerciale - Enjoyitsfromeurope"" >> déjà repérée sur le site du CNIEL"
A_VERIFIER_2.xlsx,a verifier,11,mLZEJLHeJYI,https://www.youtube.com/watch?v=mLZEJLHeJYI,Studio Danielle,1740000,2023-01-02,CNIEL,"Danielle piégée pendant 6 mois (feat Joyca, Jimmy Labeeu, GMK, Momo Henni)",collaboration remuneree,"""Cette vidéo est en partenariat avec Les Produits Laitiers et leur campagne En Mode Actif cofinancée par l'UE, qui vise à lutter contre la sédentarité.
Collaboration commerciale

Avec l'Europe, passez en mode actif #Enjoyitsfromeurope 🇪🇺"""
A_VERIFIER_2.xlsx,a verifier,12,Z62qEUXOuh4,https://www.youtube.com/watch?v=Z62qEUXOuh4,Studio Danielle,1740000,2020-03-06,CNIEL,ELLE A FINI LA JOURNÉE EN TITUBANT,collaboration remuneree,"""Merci aux Produits Laitiers pour l'invitation au salon et pour la sponsorisation de cette vidéo."""
A_VERIFIER_2.xlsx,a verifier,13,XSxogxQcAik,https://www.youtube.com/watch?v=XSxogxQcAik,Studio Danielle,1740000,2019-10-09,CNIEL,DANIELLE VS 60 VACHES,collaboration remuneree,"""Merci aux Produits Laitiers d'avoir sponsorisé cette vidéo :D"""
A_VERIFIER_2.xlsx,a verifier,14,DLpq_wahF7s,https://www.youtube.com/watch?v=DLpq_wahF7s,TSUKU,1330000,2023-05-21,CLIPP,24H POUR RÉALISER LE PLUS GROS DÉFI (c'était plus difficile que prévu...),hors sujet,"je mets 'hors sujet', mais comme pour d'autre, je n'ai pas regardé la vidéo en entier. Je ne vois juste rien d'évident dans la description et dans les extraits que j'ai vus"
A_VERIFIER_2.xlsx,a verifier,15,lbdwU4JP7f0,https://www.youtube.com/watch?v=lbdwU4JP7f0,Deujna,1160000,2019-01-03,CLIPP,JE VAIS M'INSCRIRE A THE VOICE - BEST OF,hors sujet,"je mets 'hors sujet', mais comme pour d'autre, je n'ai pas regardé la vidéo en entier. Je ne vois juste rien d'évident dans la description et dans les extraits que j'ai vus"
A_VERIFIER_2.xlsx,a verifier,16,ryTKkHNd8OE,https://www.youtube.com/watch?v=ryTKkHNd8OE,Aurelien Fontenoy,1080000,2021-08-11,CLIPP,LE PLUS BEAU SPOT POUR LE VTT !!  (clip promo @insta360 GO 2),hors sujet,"je mets 'hors sujet', mais comme pour d'autre, je n'ai pas regardé la vidéo en entier. Je ne vois juste rien d'évident dans la description et dans les extraits que j'ai vus"
A_VERIFIER_2.xlsx,a verifier,17,gaEwSkp5V5k,https://www.youtube.com/watch?v=gaEwSkp5V5k,Olivier hude,1020000,2025-12-02,CIFOG,Foie gras monsterisé,mention sans collaboration,"sans collaboration indiquée dans la description. A quel point peut-on être confiants que si ce n'est pas mentionné, c'est qu'il n'y en a pas? Peut-être faudrait-il que je regarde de plus prêt la loi DSA et les procédures YouTube?"
A_VERIFIER_2.xlsx,a verifier,18,464ls0gXV4M,https://www.youtube.com/watch?v=464ls0gXV4M,ZeratoR,986000,2026-01-01,CLIPP,BEST OF ZERATOR 2025,hors sujet,"je mets 'hors sujet', mais comme pour d'autre, je n'ai pas regardé la vidéo en entier. Je ne vois juste rien d'évident dans la description et dans les extraits que j'ai vus"
A_VERIFIER_2.xlsx,a verifier,19,tlyDPaOBrfc,https://www.youtube.com/watch?v=tlyDPaOBrfc,ZeratoR,986000,2025-01-01,CLIPP,BEST OF ZERATOR 2024,hors sujet,"je mets 'hors sujet', mais comme pour d'autre, je n'ai pas regardé la vidéo en entier. Je ne vois juste rien d'évident dans la description et dans les extraits que j'ai vus"
A_VERIFIER_2.xlsx,a verifier,20,pxaRwDnRxLE,https://www.youtube.com/watch?v=pxaRwDnRxLE,dindin.inparis,874000,2024-09-09,CLIPP,What was I made for…? #shortclip #piano,hors sujet,
A_VERIFIER_2.xlsx,a verifier,21,a68ZlLxIt0o,https://www.youtube.com/watch?v=a68ZlLxIt0o,MarionCameleon,834000,2023-09-27,CLIPP,Maquillage Dark & Lumineux pour l'AUTOMNE,hors sujet,"une autre collaboration commerciale est mentionné, donc assez confiant qu'il n'y en a pas avec la viande et les produits laitiers"
A_VERIFIER_2.xlsx,a verifier,22,WBa3V6s-BWo,https://www.youtube.com/watch?v=WBa3V6s-BWo,LawraMeschi,817000,2020-12-24,CLIPP,ON COMPOSE UNE MUSIQUE ET ON LA CLIP !! - LawraMeschi,hors sujet,
A_VERIFIER_2.xlsx,a verifier,23,FSkbAoX1I7I,https://www.youtube.com/watch?v=FSkbAoX1I7I,LawraMeschi,817000,2020-12-17,CLIPP,LAWRA MESCHI - WOM BOM BEH ( clip officiel ),hors sujet,
A_VERIFIER_2.xlsx,a verifier,24,orzDmpWYlqw,https://www.youtube.com/watch?v=orzDmpWYlqw,LawraMeschi,817000,2020-02-27,CLIPP,HIGH - LawraMeschi ( prod by Flashboy ),hors sujet,
A_VERIFIER_2.xlsx,a verifier,25,t2yuk560hJ8,https://www.youtube.com/watch?v=t2yuk560hJ8,Mayadorable,728000,2026-04-02,ANVOL,Sulivan vole le concept de Léna (c'est hilarant),hors sujet,
A_VERIFIER_2.xlsx,a verifier,26,zN9lEnLN5Zs,https://www.youtube.com/watch?v=zN9lEnLN5Zs,JEREM LE COACH,712000,2024-12-23,CIFOG,✅️ 3 niveaux de toast foie gras (recettes de Noël),mention sans collaboration,
A_VERIFIER_2.xlsx,a verifier,27,8Z0QdoCXhYo,https://www.youtube.com/watch?v=8Z0QdoCXhYo,Sarah Schwab,670000,2019-12-08,CLIPP,LANA DEL REY - Ultraviolence |Sarah Schwab Cover|,hors sujet,
A_VERIFIER_2.xlsx,a verifier,28,IPEnIm6C4lA,https://www.youtube.com/watch?v=IPEnIm6C4lA,Nina liuba,609000,2025-01-17,CLIPP,clip Paname rend fou @filizackerman,hors sujet,
A_VERIFIER_2.xlsx,a verifier,29,27tjRyoRv0U,https://www.youtube.com/watch?v=27tjRyoRv0U,Rendez-vous ASMR,522000,2020-01-20,CLIPP,ASMR | Tapping & déclencheurs 🤤lent → rapide,hors sujet,
A_VERIFIER_2.xlsx,a verifier,30,fEWTsrUq_88,https://www.youtube.com/watch?v=fEWTsrUq_88,Totoche,310000,2022-12-21,CLIPP,Totoche - 1h50 (Prod @lilchick781 ),hors sujet,
A_VERIFIER_2.xlsx,a verifier,31,PHe1LTxRlKI,https://www.youtube.com/watch?v=PHe1LTxRlKI,Kevin Bukkart,301000,2026-03-04,ANVOL,Les Comics DC que vous ne devez pas manquer ce mois-ci ! Le retour d’Absolute Batman vol.2,hors sujet,
A_VERIFIER_2.xlsx,a verifier,32,PEpydiDXxcc,https://www.youtube.com/watch?v=PEpydiDXxcc,PirAStack,288000,2020-01-07,CLIPP,BILAN 2019 !,hors sujet,
A_VERIFIER_2.xlsx,a verifier,33,GENa32NLp9Q,https://www.youtube.com/watch?v=GENa32NLp9Q,Mahé Freydier,253000,2026-02-21,CLIPP,"C’est la course aux traces de dameuse￼, le meilleur moment d’une journée de ski 🤤⛷️",hors sujet,
A_VERIFIER_2.xlsx,a verifier,34,y_J5FFLrg9I,https://www.youtube.com/watch?v=y_J5FFLrg9I,Mahé Freydier,253000,2025-10-30,CLIPP,"Descente au coucher du soleil au-dessus d’un oasis, c’est juste trop beau 🤤⛷️",je ne sais pas,
A_VERIFIER_3.xlsx,a verifier,2,NhFqiEtt1jY,https://www.youtube.com/watch?v=NhFqiEtt1jY,Pierre Croce,3790000,2021-10-11,CNIEL,Le premier qui monte les plus hauts escaliers du monde gagne,collaboration remuneree,
A_VERIFIER_3.xlsx,a verifier,3,JXptlEqWYkQ,https://www.youtube.com/watch?v=JXptlEqWYkQ,Hervé Cuisine,1600000,2025-09-19,CNIEL,"La meilleure tarte au citron sans œufs ni lait 🍋 Bien citronnée, moins sucrée et légère",hors sujet,
A_VERIFIER_3.xlsx,a verifier,4,J98c6pMVdrc,https://www.youtube.com/watch?v=J98c6pMVdrc,Hervé Cuisine,1600000,2025-03-31,CNIEL,Le flan pâtissier vanille et caramel facile et inratable,collaboration remuneree,"éJ'ai réalisé cette recette en #collaborationcommerciale avec IL LAIT LÀ, le lait vraiment engagé des fermes à côté de chez vous, riche en oméga 3 et respectueux de l'environnement."" >> Biolait"
A_VERIFIER_3.xlsx,a verifier,5,iB2fJRt14Z8,https://www.youtube.com/watch?v=iB2fJRt14Z8,PumbaTheLion,82700,2025-03-16,INTERBEV,Peut-on aimer les animaux et manger de la viande ?,je ne sais pas,"Il n'y a pas de déclaration de collaboration commerciale, mais le créateur site dans ses sources ""https://www.la-viande.fr/cuisine-achat/signe-origines-qualite/viande-bio/consommation-viande-bio"" >> Probablement un idiot que ne sait pas faire la différence entre un lobby et un bonne référence"
A_VERIFIER_3.xlsx,a verifier,6,7JSeiwKMWoI,https://www.youtube.com/watch?v=7JSeiwKMWoI,Aimez la viande,79500,2026-07-24,INTERBEV,Bien manger pour bien bouger - LIVE Voiron,hors sujet,Campagne de lobby sans influenceur
A_VERIFIER_3.xlsx,a verifier,7,G5CY_0TgnnY,https://www.youtube.com/watch?v=G5CY_0TgnnY,Aimez la viande,79500,2026-07-17,INTERBEV,Bien manger pour bien bouger - LIVE Bordeaux,hors sujet,Campagne de lobby sans influenceur
A_VERIFIER_3.xlsx,a verifier,8,fO8OxFAV2uE,https://www.youtube.com/watch?v=fO8OxFAV2uE,Aimez la viande,79500,2026-03-10,INTERBEV,Aimez la viande Mangez-en mieux,hors sujet,Campagne de lobby sans influenceur
A_VERIFIER_3.xlsx,a verifier,9,H-c1pNtsdcI,https://www.youtube.com/watch?v=H-c1pNtsdcI,Aimez la viande,79500,2022-12-08,INTERBEV,Les Rencontres MADE in VIANDE – les professionnels de l’aval de la filière élevage et viande,hors sujet,Campagne de lobby sans influenceur. Pas acceptable de ne riend avoir dans la colonne 'ce qui est écrit dans la description'
A_VERIFIER_3.xlsx,a verifier,10,Df_hqyS4OIo,https://www.youtube.com/watch?v=Df_hqyS4OIo,Aimez la viande,79500,2022-12-08,INTERBEV,Les Rencontres MADE in VIANDE – les professionnels de l’amont de la filière élevage et viande,hors sujet,Campagne de lobby sans influenceur. Pas acceptable de ne riend avoir dans la colonne 'ce qui est écrit dans la description'
A_VERIFIER_3.xlsx,a verifier,11,tdP184q-KrE,https://www.youtube.com/watch?v=tdP184q-KrE,Aimez la viande,79500,2021-06-03,INTERBEV,"MIV 2021 - Dominique, chef en restauration scolaire",collaboration remuneree,
A_VERIFIER_3.xlsx,a verifier,12,fRINpFrPrIk,https://www.youtube.com/watch?v=fRINpFrPrIk,Aimez la viande,79500,2021-06-03,INTERBEV,"MIV 2021 - Thomas, boucher",collaboration remuneree,
A_VERIFIER_3.xlsx,a verifier,13,W2_R98ZVEVs,https://www.youtube.com/watch?v=W2_R98ZVEVs,Aimez la viande,79500,2021-06-03,INTERBEV,"MIV 2021 - M. Lemière, directeur d'un atelier de découpe",collaboration remuneree,
A_VERIFIER_3.xlsx,a verifier,14,irLE3ROb2so,https://www.youtube.com/watch?v=irLE3ROb2so,Aimez la viande,79500,2021-06-03,INTERBEV,"MIV 2021 - Alexandre, commerçant en bestiaux",collaboration remuneree,
A_VERIFIER_3.xlsx,a verifier,15,yp9Bs8eqF4c,https://www.youtube.com/watch?v=yp9Bs8eqF4c,Aimez la viande,79500,2021-06-03,INTERBEV,"MIV 2021 - Laure, éleveuse d'ovins",collaboration remuneree,
A_VERIFIER_3.xlsx,a verifier,16,UMA9mo09mIc,https://www.youtube.com/watch?v=UMA9mo09mIc,Aimez la viande,79500,2021-06-03,INTERBEV,"MIV 2021 - Élise et sa famille, éleveurs de bovins",collaboration remuneree,
A_VERIFIER_3.xlsx,a verifier,17,hiXSzQ2aGSQ,https://www.youtube.com/watch?v=hiXSzQ2aGSQ,Aimez la viande,79500,2017-09-26,INTERBEV,Rencontres #MADEinVIANDE 2017,hors sujet,Campagne de lobby sans influenceur
A_VERIFIER_3.xlsx,a verifier,18,xRJucuAbl0k,https://www.youtube.com/watch?v=xRJucuAbl0k,Aimez la viande,79500,2017-04-28,INTERBEV,MADE in VIANDE 2017 - Teaser 02,hors sujet,Campagne de lobby sans influenceur. Pas acceptable de ne riend avoir dans la colonne 'ce qui est écrit dans la description'
A_VERIFIER_3.xlsx,a verifier,19,AsOnleidvC4,https://www.youtube.com/watch?v=AsOnleidvC4,Aimez la viande,79500,2017-04-28,INTERBEV,MADE in VIANDE 2017 - Teaser 01,hors sujet,Campagne de lobby sans influenceur. Pas acceptable de ne riend avoir dans la colonne 'ce qui est écrit dans la description'
A_VERIFIER_3.xlsx,a verifier,20,_GASJK_e1Uw,https://www.youtube.com/watch?v=_GASJK_e1Uw,Aimez la viande,79500,2016-09-27,INTERBEV,Rencontres #MadeInviande 2016,hors sujet,Campagne de lobby sans influenceur
A_VERIFIER_3.xlsx,a verifier,21,GfuqDNk3b_0,https://www.youtube.com/watch?v=GfuqDNk3b_0,Aimez la viande,79500,2016-06-02,INTERBEV,Reportage Campagnes TV pour MADE in Vainde (3/3),hors sujet,Campagne de lobby sans influenceur
A_VERIFIER_3.xlsx,a verifier,22,QAw7NGdyAwg,https://www.youtube.com/watch?v=QAw7NGdyAwg,Aimez la viande,79500,2016-06-02,INTERBEV,Reportage Campagnes TV pour MADE in Vainde (2/3),hors sujet,Campagne de lobby sans influenceur
A_VERIFIER_3.xlsx,a verifier,23,yqY3fMLQfBo,https://www.youtube.com/watch?v=yqY3fMLQfBo,Aimez la viande,79500,2016-06-02,INTERBEV,Reportage Campagnes TV pour MADE in Vainde (1/3),hors sujet,Campagne de lobby sans influenceur
A_VERIFIER_3.xlsx,a verifier,24,FHolU2KEBzE,https://www.youtube.com/watch?v=FHolU2KEBzE,Aimez la viande,79500,2016-05-20,INTERBEV,#MadeInViande 2016 - Transformation,hors sujet,Campagne de lobby sans influenceur
A_VERIFIER_3.xlsx,a verifier,25,LYdrpPNmFZg,https://www.youtube.com/watch?v=LYdrpPNmFZg,Aimez la viande,79500,2016-05-20,INTERBEV,#MadeInViande 2016 - Mise en Marché,hors sujet,Campagne de lobby sans influenceur
A_VERIFIER_3.xlsx,a verifier,26,Ojgo5ocJDWs,https://www.youtube.com/watch?v=Ojgo5ocJDWs,Aimez la viande,79500,2016-05-20,INTERBEV,#MadeInViande 2016 - Elevage,hors sujet,Campagne de lobby sans influenceur
A_VERIFIER_3.xlsx,a verifier,27,UPepTykS6jg,https://www.youtube.com/watch?v=UPepTykS6jg,Aimez la viande,79500,2016-05-20,INTERBEV,#MadeInViande 2016 - Filière,hors sujet,Campagne de lobby sans influenceur
A_VERIFIER_3.xlsx,a verifier,28,r6TsTKzZtEE,https://www.youtube.com/watch?v=r6TsTKzZtEE,Aimez la viande,79500,2016-05-20,INTERBEV,#MadeInViande 2016 - Commercialisation,hors sujet,Campagne de lobby sans influenceur
A_VERIFIER_3.xlsx,a verifier,29,p8uVwtdYLu8,https://www.youtube.com/watch?v=p8uVwtdYLu8,Aimez la viande,79500,2016-05-17,INTERBEV,Rencontres #MadeInViande 2016,hors sujet,Campagne de lobby sans influenceur
A_VERIFIER_3.xlsx,a verifier,30,F5Fg0W6b05s,https://www.youtube.com/watch?v=F5Fg0W6b05s,Aimez la viande,79500,2016-05-12,INTERBEV,Made In Viande,hors sujet,Campagne de lobby sans influenceur
A_VERIFIER_3.xlsx,a verifier,31,MHW9vrIRSDQ,https://www.youtube.com/watch?v=MHW9vrIRSDQ,Aimez la viande,79500,2015-02-17,CNIEL | INTERBEV,Les éleveurs et le climat,hors sujet,Campagne de lobby sans influenceur
A_VERIFIER_3.xlsx,a verifier,32,lnq9zMU9SFo,https://www.youtube.com/watch?v=lnq9zMU9SFo,Aimez la viande,79500,2015-02-17,CNIEL | INTERBEV,Changement climatique : les éleveurs s'adaptent,hors sujet,Campagne de lobby sans influenceur
A_VERIFIER_3.xlsx,a verifier,33,_0gTezsTDKw,https://www.youtube.com/watch?v=_0gTezsTDKw,Aimez la viande,79500,2015-02-03,INTERBEV,Made in viande 2014 - Commercialisation,hors sujet,Campagne de lobby sans influenceur
A_VERIFIER_3.xlsx,a verifier,34,-EJGHIr20VA,https://www.youtube.com/watch?v=-EJGHIr20VA,Aimez la viande,79500,2015-01-28,INTERBEV,Made in viande 2014 - Transformation,hors sujet,Campagne de lobby sans influenceur
A_VERIFIER_3.xlsx,a verifier,35,3zL_l5jbDgc,https://www.youtube.com/watch?v=3zL_l5jbDgc,Aimez la viande,79500,2015-01-28,INTERBEV,Made in viande 2014 - Les Villages,hors sujet,Campagne de lobby sans influenceur
A_VERIFIER_3.xlsx,a verifier,36,V7ZETAxXO6s,https://www.youtube.com/watch?v=V7ZETAxXO6s,Aimez la viande,79500,2015-01-28,INTERBEV,Made in viande 2014 - Elevage,hors sujet,Campagne de lobby sans influenceur
A_VERIFIER_3.xlsx,a verifier,37,gYySk1fwXQg,https://www.youtube.com/watch?v=gYySk1fwXQg,Aimez la viande,79500,2015-01-28,INTERBEV,Made in viande 2014 - Mise en marché,hors sujet,Campagne de lobby sans influenceur
A_VERIFIER_3.xlsx,a verifier,38,EMVLz6vnWTA,https://www.youtube.com/watch?v=EMVLz6vnWTA,Aimez la viande,79500,2014-11-09,INTERBEV,Interview de Yoni Saada - Magic tripes 2014,hors sujet,Campagne de lobby sans influenceur
A_VERIFIER_3.xlsx,a verifier,39,XMIiqtrc53U,https://www.youtube.com/watch?v=XMIiqtrc53U,Aimez la viande,79500,2014-10-31,INTERBEV,Rouleaux de bœuf démoniaques,hors sujet,Campagne de lobby sans influenceur
A_VERIFIER_3.xlsx,a verifier,40,a0Tjg2BtyKw,https://www.youtube.com/watch?v=a0Tjg2BtyKw,Aimez la viande,79500,2014-10-31,INTERBEV,Soufflé demoniaque de boeuf,hors sujet,Campagne de lobby sans influenceur
A_VERIFIER_3.xlsx,a verifier,41,r1mt0gL2M0w,https://www.youtube.com/watch?v=r1mt0gL2M0w,Aimez la viande,79500,2014-10-31,INTERBEV,La hampe de bœuf d'enfer,hors sujet,Campagne de lobby sans influenceur
A_VERIFIER_3.xlsx,a verifier,42,7CBDqIJbAnE,https://www.youtube.com/watch?v=7CBDqIJbAnE,Aimez la viande,79500,2014-09-30,INTERBEV,Rencontres #MadeInViande - Portraits de professionnels,hors sujet,Campagne de lobby sans influenceur
A_VERIFIER_3.xlsx,a verifier,43,aVV2jlNo_GI,https://www.youtube.com/watch?v=aVV2jlNo_GI,Aimez la viande,79500,2014-09-30,INTERBEV,Rencontres #MadeInViande - Les acteurs de la filière,hors sujet,Campagne de lobby sans influenceur
A_VERIFIER_3.xlsx,a verifier,44,imQSyBkNDCI,https://www.youtube.com/watch?v=imQSyBkNDCI,Aimez la viande,79500,2014-06-30,INTERBEV,Schéma filière,hors sujet,Campagne de lobby sans influenceur
A_VERIFIER_3.xlsx,a verifier,45,0mE06nmWsNU,https://www.youtube.com/watch?v=0mE06nmWsNU,Aimez la viande,79500,2014-05-26,INTERBEV,"Interview Métiers - Véronique, éleveuse de bovins",hors sujet,Campagne de lobby sans influenceur
A_VERIFIER_3.xlsx,a verifier,46,gT0Da7LF-a4,https://www.youtube.com/watch?v=gT0Da7LF-a4,Aimez la viande,79500,2014-05-26,INTERBEV,"Histoire Métiers - Xavier, éleveur d'équins",hors sujet,Campagne de lobby sans influenceur
A_VERIFIER_3.xlsx,a verifier,47,lYVceejJyxU,https://www.youtube.com/watch?v=lYVceejJyxU,Aimez la viande,79500,2014-05-26,INTERBEV,"Interview Métiers - Bertrand, chef cuisinier en restauration scolaire",hors sujet,Campagne de lobby sans influenceur
A_VERIFIER_3.xlsx,a verifier,48,n9lKxQuXpUY,https://www.youtube.com/watch?v=n9lKxQuXpUY,Aimez la viande,79500,2014-05-26,INTERBEV,"Histoire Métiers - Véronique, éleveuse de bovins",hors sujet,Campagne de lobby sans influenceur
A_VERIFIER_3.xlsx,a verifier,49,pBDS4a11e2Q,https://www.youtube.com/watch?v=pBDS4a11e2Q,Aimez la viande,79500,2014-05-26,INTERBEV,"Histoire Métiers - Frédéric, éleveur de bovins",hors sujet,Campagne de lobby sans influenceur
A_VERIFIER_3.xlsx,a verifier,50,pBkpVTxfkho,https://www.youtube.com/watch?v=pBkpVTxfkho,Aimez la viande,79500,2014-05-26,INTERBEV,"Interview Métiers - Lionel, éleveur d'ovins",hors sujet,Campagne de lobby sans influenceur
A_VERIFIER_3.xlsx,a verifier,51,s4pnQUtFVek,https://www.youtube.com/watch?v=s4pnQUtFVek,Aimez la viande,79500,2014-05-26,INTERBEV,"Histoire Métiers - Pascal, artisan boucher",hors sujet,Campagne de lobby sans influenceur
A_VERIFIER_3.xlsx,a verifier,52,sLXL89JYkAQ,https://www.youtube.com/watch?v=sLXL89JYkAQ,Aimez la viande,79500,2014-05-26,INTERBEV,"Histoire Métiers - Lionel, éleveur d'ovins",hors sujet,Campagne de lobby sans influenceur
A_VERIFIER_3.xlsx,a verifier,53,HJjJCRDjVto,https://www.youtube.com/watch?v=HJjJCRDjVto,Aimez la viande,79500,2014-03-05,INTERBEV,Croustillants de tête de veau au chutney de mangue - Show culinaire,hors sujet,Campagne de lobby sans influenceur
A_VERIFIER_3.xlsx,a verifier,54,N7HTMjWy5qM,https://www.youtube.com/watch?v=N7HTMjWy5qM,Aimez la viande,79500,2014-02-24,INTERBEV,"Interview Métiers - Pascal, artisan boucher",hors sujet,Campagne de lobby sans influenceur
A_VERIFIER_3.xlsx,a verifier,55,xl6ZwoW4mok,https://www.youtube.com/watch?v=xl6ZwoW4mok,Aimez la viande,79500,2014-02-24,INTERBEV,"Interview Métiers - Frédéric, éleveur de bovins",hors sujet,Campagne de lobby sans influenceur
A_VERIFIER_3.xlsx,a verifier,56,oWlRDwZm0V8,https://www.youtube.com/watch?v=oWlRDwZm0V8,Aimez la viande,79500,2014-02-24,INTERBEV,"Histoire Métiers - Bertrand, chef cuisinier en restauration scolaire",hors sujet,Campagne de lobby sans influenceur
A_VERIFIER_3.xlsx,a verifier,57,84w29186ji8,https://www.youtube.com/watch?v=84w29186ji8,Aimez la viande,79500,2014-02-24,INTERBEV,"Histoire Métiers - Fabien, boucher chevalin",hors sujet,Campagne de lobby sans influenceur
A_VERIFIER_3.xlsx,a verifier,58,vwj2jcsA85k,https://www.youtube.com/watch?v=vwj2jcsA85k,Aimez la viande,79500,2014-02-20,INTERBEV,"Histoire Métiers - Florent, technicien d'élevage et Jean-Paul,éleveur de veaux",hors sujet,Campagne de lobby sans influenceur
A_VERIFIER_3.xlsx,a verifier,59,r6SDUIJYydk,https://www.youtube.com/watch?v=r6SDUIJYydk,Aimez la viande,79500,2014-02-20,INTERBEV,"Interview Métiers - Guillaume, chef boucher en grande surface",hors sujet,Campagne de lobby sans influenceur
A_VERIFIER_3.xlsx,a verifier,60,JKHroomPBBI,https://www.youtube.com/watch?v=JKHroomPBBI,Aimez la viande,79500,2014-02-20,INTERBEV,"Interview Métiers - Fabien, boucher chevalin",hors sujet,Campagne de lobby sans influenceur
A_VERIFIER_3.xlsx,a verifier,61,PXHlQpBN44I,https://www.youtube.com/watch?v=PXHlQpBN44I,Aimez la viande,79500,2014-02-20,INTERBEV,"Interview Métiers - Jean-Benoit, commerçant en bestiaux",hors sujet,Campagne de lobby sans influenceur
A_VERIFIER_3.xlsx,a verifier,62,LUp0AUCfDn8,https://www.youtube.com/watch?v=LUp0AUCfDn8,Aimez la viande,79500,2014-02-20,INTERBEV,"Interview Métiers - Jean-Paul, éleveur de veaux",hors sujet,Campagne de lobby sans influenceur
A_VERIFIER_3.xlsx,a verifier,63,-3jdPD6Xxns,https://www.youtube.com/watch?v=-3jdPD6Xxns,Aimez la viande,79500,2014-02-20,INTERBEV,"Interview Métiers - Olivier, responsable qualité en entreprise de transformation",hors sujet,Campagne de lobby sans influenceur
A_VERIFIER_3.xlsx,a verifier,64,swrihVdiP2s,https://www.youtube.com/watch?v=swrihVdiP2s,Aimez la viande,79500,2014-02-20,INTERBEV,"Interview Métiers - Xavier, éleveur d'équins",hors sujet,Campagne de lobby sans influenceur
A_VERIFIER_3.xlsx,a verifier,65,_N9E6Dd1m7U,https://www.youtube.com/watch?v=_N9E6Dd1m7U,Aimez la viande,79500,2013-11-27,INTERBEV,La Kitchen Music aux Golden Blog Awards 2013,hors sujet,Campagne de lobby sans influenceur
A_VERIFIER_3.xlsx,a verifier,66,dPl6pAsRzG8,https://www.youtube.com/watch?v=dPl6pAsRzG8,Sosa Ingredients,72400,2021-02-24,CNIEL,¿Cómo elaborar cremas congelables y estables en frío / caliente? GELCREM,hors sujet,recette multilingue
A_VERIFIER_3.xlsx,a verifier,67,tB5O_kmEyoQ,https://www.youtube.com/watch?v=tB5O_kmEyoQ,Sosa Ingredients,72400,2020-03-20,CNIEL,La Révolution des Mousses: Revue + Évolution des Mousses - FR,hors sujet,
A_VERIFIER_3.xlsx,a verifier,68,PYFQQkBQ1Ik,https://www.youtube.com/watch?v=PYFQQkBQ1Ik,Elise Gilmor 🌞,36300,2024-11-10,CNIEL,MON RÉÉQUILIBRAGE ANTI-INFLAMMATOIRE  - THYROIDE - ÉPISODE 1,hors sujet,
A_VERIFIER_3.xlsx,a verifier,69,GH8IA1b2ZZI,https://www.youtube.com/watch?v=GH8IA1b2ZZI,Le Chat Toqué,32900,2025-01-29,CNIEL,"Les Crêpes SANS GLUTEN, SANS SUCRE, ET SANS PRODUITS LAITIERS ! 🙀🏴‍☠️#crepes",hors sujet,
A_VERIFIER_3.xlsx,a verifier,70,_gSwuTmLLqU,https://www.youtube.com/watch?v=_gSwuTmLLqU,Viande Suisse,21300,2024-11-04,CNIEL,C'est l'élevage de chèvres en Valais,hors sujet,
A_VERIFIER_3.xlsx,a verifier,71,f1nF-kQn8_E,https://www.youtube.com/watch?v=f1nF-kQn8_E,Yuka,16700,2025-12-17,CNIEL,"#BalanceTonAdditif - Phosphates partout, santé nulle part 😡",hors sujet,
A_VERIFIER_3.xlsx,a verifier,72,ex7rE0ojBYk,https://www.youtube.com/watch?v=ex7rE0ojBYk,Doctor JFK,13700,2026-05-11,CNIEL,le mensonge de la margarine 🧈,hors sujet,
A_VERIFIER_3.xlsx,a verifier,73,4W12AjgIazY,https://www.youtube.com/watch?v=4W12AjgIazY,Coopérative U,11800,2026-02-20,CNIEL,PRODUITS U | Origine France | Lait Français | Pas de jalouse,hors sujet,
A_VERIFIER_3.xlsx,a verifier,74,2vziaxV7HLM,https://www.youtube.com/watch?v=2vziaxV7HLM,Coopérative U,11800,2026-02-20,CNIEL,PRODUITS U | Origine France | Lait Français | Les filles,hors sujet,
A_VERIFIER_3.xlsx,a verifier,75,7ln21GYN2cY,https://www.youtube.com/watch?v=7ln21GYN2cY,Claire Sauzel,9860,2021-06-10,CNIEL,"une journée dans mon assiette! 🦋 RECETTES HEALTHY et FACILES (Acai Bowl, Ramen, Tacos, Iced Latte)",hors sujet,
A_VERIFIER_3.xlsx,a verifier,76,f8mnSMox1qU,https://www.youtube.com/watch?v=f8mnSMox1qU,Claire Sauzel,9860,2021-06-04,CNIEL,"une journée dans mon assiette + RECETTES D'ETE HEALTHY ET FACILES (Twix Healthy, Green Smoothie)",hors sujet,
A_VERIFIER_3.xlsx,a verifier,77,xW9ydrJQxY4,https://www.youtube.com/watch?v=xW9ydrJQxY4,"Margaux Lifestyle | Running, SOPK & Lipœdème",4570,2025-10-26,CNIEL,Mon petit déjeuner SOPK friendly : un chia porridge avec du GYN OPK,hors sujet,
A_VERIFIER_3.xlsx,a verifier,78,_cJJNStMU8A,https://www.youtube.com/watch?v=_cJJNStMU8A,Toscane Lucas,168,2025-06-09,INTERBEV,Babe veut des tacos 🌮🇲🇽🪅 Yessss chef ! @Andy Cooks  Musique : Mexico Cruise - DJ Zone Ingrédien,hors sujet,
A_VERIFIER_3.xlsx,a verifier,79,fn2gJagJtzk,https://www.youtube.com/watch?v=fn2gJagJtzk,Oh! La vie Est belle,38,2023-02-02,CNIEL,Crêpes sarrasin,hors sujet,
A_VERIFIER_4.xlsx,a verifier,2,ti3-2AoKNEg,https://www.youtube.com/watch?v=ti3-2AoKNEg,Hervé Cuisine,1600000,2026-07-24,CNIEL,Quiche sans pâte ultra moelleuse aux légumes d’été et mozzarella,mention sans collaboration,mentionne du fromage
A_VERIFIER_4.xlsx,a verifier,3,LnHX1TLAI_M,https://www.youtube.com/watch?v=LnHX1TLAI_M,Hervé Cuisine,1600000,2024-05-24,CNIEL,"Clafoutis aux tomates et thon et mozzarella, recette idéale pour l'été",mention sans collaboration,mentionne du fromage
A_VERIFIER_4.xlsx,a verifier,4,NSden3Wlpe0,https://www.youtube.com/watch?v=NSden3Wlpe0,MYRIAMANHATTAN,128000,2017-11-12,CNIEL,RECETTE DE LA HESS : BARRE LION 🦁🍫!,mention sans collaboration,mentionne du fromage
A_VERIFIER_4.xlsx,a verifier,5,uwyDo-NNCD8,https://www.youtube.com/watch?v=uwyDo-NNCD8,Produits Laitiers,101000,2026-02-24,CNIEL,CHAUD! - Épisode 4 (avec Jeffrey Cagnes),je ne sais pas,vidéo de la chaîne des produits laitiers. C'est bein de ne pas exclure au cas où les chapines des lobbies nous permettraient d'identifier des collab avant celle publiées sur les comptes de influenceurs
A_VERIFIER_4.xlsx,a verifier,6,OszBX9XWurc,https://www.youtube.com/watch?v=OszBX9XWurc,Le Chat Toqué,32900,2026-06-17,CNIEL,"Il fait beau, il fait chaud... Un Fresh Dwich' ? 🥪",mention sans collaboration,mentionne du fromage
A_VERIFIER_4.xlsx,a verifier,7,lZgXNi2n0NM,https://www.youtube.com/watch?v=lZgXNi2n0NM,Le Chat Toqué,32900,2025-03-10,CNIEL,Le Naan Fromage ! 🫓🧀 #naan,je ne sais pas,vidéo de la chaîne d'une marques (Maître CoQ). C'est bein de ne pas exclure au cas où les chapines des lobbies nous permettraient d'identifier des collab avant celle publiées sur les comptes de influenceurs
A_VERIFIER_4.xlsx,a verifier,8,o4BYYuzdB7U,https://www.youtube.com/watch?v=o4BYYuzdB7U,Maître CoQ,5080,2024-02-09,CNIEL,Sandwich japonais au Poulet,je ne sais pas,vidéo de la chaîne d'une marques (Maître CoQ). C'est bein de ne pas exclure au cas où les chapines des lobbies nous permettraient d'identifier des collab avant celle publiées sur les comptes de influenceurs
A_VERIFIER_4.xlsx,a verifier,9,NaAOz6YAgQU,https://www.youtube.com/watch?v=NaAOz6YAgQU,Maître CoQ,5080,2014-03-15,CNIEL,Jérémie Beyou : les raisons d'une victoire - Solo Maître CoQ,je ne sais pas,vidéo de la chaîne d'une marques (Maître CoQ). C'est bein de ne pas exclure au cas où les chapines des lobbies nous permettraient d'identifier des collab avant celle publiées sur les comptes de influenceurs
A_VERIFIER_4.xlsx,a verifier,10,0yjPelwpyBY,https://www.youtube.com/watch?v=0yjPelwpyBY,Maître CoQ,5080,2013-11-24,CNIEL,Transat Jacques Vabre : un passage de ligne très très chaud !,je ne sais pas,vidéo de la chaîne d'une marques (Maître CoQ). C'est bein de ne pas exclure au cas où les chapines des lobbies nous permettraient d'identifier des collab avant celle publiées sur les comptes de influenceurs
