regle,type,video_id,chaine,entite,titre,verdict_vincent,commentaire_vincent,signaux,url
R1 signal seul,faux negatif,cwxOXJeZ5sk,Mister V,CNIEL,MISTER V - LES JONES,collaboration remuneree,"""Thanks to : 
Les Produits Laitiers and Adrien Dinh for following me in my projects."" >> N'est-il pas possible de scraper TOUTE la description? Pourquoi celle-ci n'a pas été enregistrée? Explique-moi comment ton outil fonctionne ou dysfonctionne",,https://www.youtube.com/watch?v=cwxOXJeZ5sk
R1 signal seul,faux negatif,lrreuz0RLNA,LORIS GIULIANO,CNIEL,LORIS GIULIANO - NAPOLI,collaboration remuneree,"""Remerciements 
Les Produits Laitiers
Maurizio - Lucifer Spritz & Food
Cibi Cotti…"" >> pourquoi ça n'a pas enregistré ce morceau-là?",,https://www.youtube.com/watch?v=lrreuz0RLNA
R1 signal seul,faux negatif,czykjPMc2B0,Juste Zoé,CNIEL,JE VOUS PRÉSENTE MON NOUVEAU PAPI ( il est épique ),collaboration remuneree,"la description contient ""Collaboration commerciale avec Danone. 
Depuis plus de 100 ans, @danoneyaourt accompagne les Français dans la transmission de bonnes habitudes au quotidien de génération en génération. Danone Le Nature, Danone Velouté Nature et Danone Skyr Nature sont sources de calcium et sont fabriqués avec du lait 100% Français. En savoir plus sur danone.fr"" >> c'est ça qui aurait dû être enregistré",,https://www.youtube.com/watch?v=czykjPMc2B0
R1 signal seul,faux negatif,WCG8jN-i8ZQ,FlorianOnAir,INAPORC,DEGUSTATION : Un PLAT EXQUIS par un GRAND CHEF dans un RESTO TENDANCE ! - VLOG #594,collaboration remuneree,,,https://www.youtube.com/watch?v=WCG8jN-i8ZQ
R1 signal seul,faux negatif,UXC8PGoEULg,FlorianOnAir,INAPORC,"Ce soir, c'est moi qui prépare l'APERO !! -  VLOG #688",collaboration remuneree,,,https://www.youtube.com/watch?v=UXC8PGoEULg
R1 signal seul,faux positif,qmw7pnr2b2A,Bonne Pitance,INTERBEV,Épisode 23 : Coq au Vin Jaune ! Partie 2 #food #recette #cuisine #viande #france #foodie,hors sujet,ce ne sont que des vidéo de recette sans collaboration commerciale,#Viande,https://www.youtube.com/watch?v=qmw7pnr2b2A
R1 signal seul,faux positif,8EXx_AuULwA,Bonne Pitance,INTERBEV,Épisode 23 : Coq au Vin Jaune ! Partie 1 #food #recette #cuisine #viande #france #foodie,hors sujet,ce ne sont que des vidéo de recette sans collaboration commerciale,#Viande,https://www.youtube.com/watch?v=8EXx_AuULwA
R1 signal seul,faux negatif,CHpCoxV8PvA,Check,CNIEL,Mister V et le MQEEBD #CheckFood,collaboration remuneree,"""Partenaire: Les Produits Laitiers""",,https://www.youtube.com/watch?v=CHpCoxV8PvA
R1 signal seul,faux positif,90or2jT6LNk,AgenceBio,CNIEL,De la terre à l'assiette - épisode 15,hors sujet,pas des influenceurs,Produits Laitiers,https://www.youtube.com/watch?v=90or2jT6LNk
R1 signal seul,faux positif,C4o8zYlIFgU,AgenceBio,CNIEL,"Replay La Quotidienne ""Dossier BIO"" avec Philippe Henry et Christophe Audoin en ambassadeurs du bio",hors sujet,pas des influenceurs,Produits Laitiers,https://www.youtube.com/watch?v=C4o8zYlIFgU
R1 signal seul,faux positif,WAYbZ91iVU4,Marché de Rungis,CNIEL,Les Paniers Marché de Rungis x Christophe Saintagne,hors sujet,pas des influenceurs,Produits Laitiers,https://www.youtube.com/watch?v=WAYbZ91iVU4
R1 signal seul,faux positif,5CFBRpwEuwU,Marché de Rungis,CNIEL,RUNGIS CHEESE CHALLENGE,hors sujet,pas des influenceurs,Produits Laitiers,https://www.youtube.com/watch?v=5CFBRpwEuwU
R1 signal seul,faux positif,2ePeGzu8LWM,Marché de Rungis,CNIEL,RUNGIS CHEESE CHALLENGE,hors sujet,pas des influenceurs,Produits Laitiers,https://www.youtube.com/watch?v=2ePeGzu8LWM
R1 signal seul,faux positif,IUZpTS-6e8k,Marché de Rungis,CNIEL,Festival des Produits Laitiers 2023,hors sujet,pas des influenceurs,Produits Laitiers,https://www.youtube.com/watch?v=IUZpTS-6e8k
R1 signal seul,faux positif,g3C1O-tHxTE,Marché de Rungis,CNIEL,Retour en images sur la 2ème Grande Chasse à l’Œuf au Marché International de Rungis 🐣🐤🥚,hors sujet,pas des influenceurs,Produits Laitiers,https://www.youtube.com/watch?v=g3C1O-tHxTE
R1 signal seul,faux positif,u2lizGnqhTE,Naturellement Flexitariens,INTERBEV,"Aimez la viande, mangez-en mieux. - 2019",hors sujet,"C'est directement de la pub du lobby de la viande, sur la chaîne ""@NaturellementFlexitariens""","Aimez la viande | Aimez la viande, mangez-en mieux",https://www.youtube.com/watch?v=u2lizGnqhTE
R1 signal seul,faux positif,0DtE05qWHrk,Naturellement Flexitariens,INTERBEV,"Aimez la viande, mangez-en mieux. - 2020",hors sujet,"C'est directement de la pub du lobby de la viande, sur la chaîne ""@NaturellementFlexitariens""","Aimez la viande | Aimez la viande, mangez-en mieux",https://www.youtube.com/watch?v=0DtE05qWHrk
R1 signal seul,faux positif,D5aGD-cse2k,Naturellement Flexitariens,INTERBEV,"Aimez la viande, mangez-en mieux.",hors sujet,"C'est directement de la pub du lobby de la viande, sur la chaîne ""@NaturellementFlexitariens""","Aimez la viande | Aimez la viande, mangez-en mieux",https://www.youtube.com/watch?v=D5aGD-cse2k
R1 signal seul,faux positif,5AZjClLGjrk,Naturellement Flexitariens,INTERBEV,"Aimez la viande, mangez-en mieux. Thomas revient...",hors sujet,"C'est directement de la pub du lobby de la viande, sur la chaîne ""@NaturellementFlexitariens""","Aimez la viande | Aimez la viande, mangez-en mieux",https://www.youtube.com/watch?v=5AZjClLGjrk
R1 signal seul,faux positif,3IA1CjJ304c,Naturellement Flexitariens,INTERBEV,La Sauce de la Paix - Naturellement Flexitariens,hors sujet,"C'est directement de la pub du lobby de la viande, sur la chaîne ""@NaturellementFlexitariens""",Naturellement Flexitariens,https://www.youtube.com/watch?v=3IA1CjJ304c
R1 signal seul,faux positif,3FIZyVItA5M,Naturellement Flexitariens,INTERBEV,La Sauce de la Paix - Naturellement Flexitariens - 6s,hors sujet,"C'est directement de la pub du lobby de la viande, sur la chaîne ""@NaturellementFlexitariens""",Naturellement Flexitariens,https://www.youtube.com/watch?v=3FIZyVItA5M
R1 signal seul,faux positif,uKsWyK8iKb0,Naturellement Flexitariens,INTERBEV,La Sauce de la Paix - Naturellement Flexitariens - Qui veut...,hors sujet,"C'est directement de la pub du lobby de la viande, sur la chaîne ""@NaturellementFlexitariens""",Naturellement Flexitariens,https://www.youtube.com/watch?v=uKsWyK8iKb0
R1 signal seul,faux positif,fjGFLUdckEA,Naturellement Flexitariens,INTERBEV,La Sauce de la Paix - Naturellement Flexitariens - Liberté,hors sujet,"C'est directement de la pub du lobby de la viande, sur la chaîne ""@NaturellementFlexitariens""",Naturellement Flexitariens,https://www.youtube.com/watch?v=fjGFLUdckEA
R1 signal seul,faux positif,ewn-WuaNaBA,Naturellement Flexitariens,INTERBEV,"FLEXIVAL, le festival Naturellement Flexitariens !",hors sujet,"C'est directement de la pub du lobby de la viande, sur la chaîne ""@NaturellementFlexitariens""","Aimez la viande | Aimez la viande, mangez-en mieux | Naturellement Flexitariens",https://www.youtube.com/watch?v=ewn-WuaNaBA
R1 signal seul,faux positif,Qrt6yDAay64,Naturellement Flexitariens,INTERBEV,"Aimez la viande, mangez-en mieux.",hors sujet,"C'est directement de la pub du lobby de la viande, sur la chaîne ""@NaturellementFlexitariens""","Aimez la viande | Aimez la viande, mangez-en mieux",https://www.youtube.com/watch?v=Qrt6yDAay64
R1 signal seul,faux positif,V5AhSTCRoWA,Naturellement Flexitariens,INTERBEV,"Aimez la viande, mangez-en mieux.",hors sujet,"C'est directement de la pub du lobby de la viande, sur la chaîne ""@NaturellementFlexitariens""","Aimez la viande | Aimez la viande, mangez-en mieux",https://www.youtube.com/watch?v=V5AhSTCRoWA
R1 signal seul,faux positif,BfDX8xrOXvM,Naturellement Flexitariens,INTERBEV,"Aimez la viande, mangez-en mieux.",hors sujet,"C'est directement de la pub du lobby de la viande, sur la chaîne ""@NaturellementFlexitariens""","Aimez la viande | Aimez la viande, mangez-en mieux",https://www.youtube.com/watch?v=BfDX8xrOXvM
R1 signal seul,faux negatif,BGMMg41mqKY,Studio Danielle,CNIEL,LE TOUR DE LA GRATTE À MARSEILLE,collaboration remuneree,"""Cette vidéo est en partenariat avec Les Produits Laitiers et leur campagne En Mode Actif cofinancée par l'UE, qui vise à lutter contre la sédentarité.
Merci à eux pour leur confiance !
Avec l'Europe, passez en mode actif ! 
Collaboration commerciale - Enjoyitsfromeurope"" >> déjà repérée sur le site du CNIEL",,https://www.youtube.com/watch?v=BGMMg41mqKY
R1 signal seul,faux positif,JXptlEqWYkQ,Hervé Cuisine,CNIEL,"La meilleure tarte au citron sans œufs ni lait 🍋 Bien citronnée, moins sucrée et légère",hors sujet,,Produits Laitiers,https://www.youtube.com/watch?v=JXptlEqWYkQ
R1 signal seul,faux positif,tB5O_kmEyoQ,Sosa Ingredients,CNIEL,La Révolution des Mousses: Revue + Évolution des Mousses - FR,hors sujet,,Produits Laitiers,https://www.youtube.com/watch?v=tB5O_kmEyoQ
R1 signal seul,faux positif,GH8IA1b2ZZI,Le Chat Toqué,CNIEL,"Les Crêpes SANS GLUTEN, SANS SUCRE, ET SANS PRODUITS LAITIERS ! 🙀🏴‍☠️#crepes",hors sujet,,Produits Laitiers,https://www.youtube.com/watch?v=GH8IA1b2ZZI
R1 signal seul,faux positif,_gSwuTmLLqU,Viande Suisse,CNIEL,C'est l'élevage de chèvres en Valais,hors sujet,,Produits Laitiers,https://www.youtube.com/watch?v=_gSwuTmLLqU
R1 signal seul,faux positif,f1nF-kQn8_E,Yuka,CNIEL,"#BalanceTonAdditif - Phosphates partout, santé nulle part 😡",hors sujet,,Produits Laitiers,https://www.youtube.com/watch?v=f1nF-kQn8_E
R1 signal seul,faux positif,4W12AjgIazY,Coopérative U,CNIEL,PRODUITS U | Origine France | Lait Français | Pas de jalouse,hors sujet,,Produits Laitiers,https://www.youtube.com/watch?v=4W12AjgIazY
R1 signal seul,faux positif,2vziaxV7HLM,Coopérative U,CNIEL,PRODUITS U | Origine France | Lait Français | Les filles,hors sujet,,Produits Laitiers,https://www.youtube.com/watch?v=2vziaxV7HLM
R1 signal seul,faux positif,7ln21GYN2cY,Claire Sauzel,CNIEL,"une journée dans mon assiette! 🦋 RECETTES HEALTHY et FACILES (Acai Bowl, Ramen, Tacos, Iced Latte)",hors sujet,,Produits Laitiers,https://www.youtube.com/watch?v=7ln21GYN2cY
R1 signal seul,faux positif,f8mnSMox1qU,Claire Sauzel,CNIEL,"une journée dans mon assiette + RECETTES D'ETE HEALTHY ET FACILES (Twix Healthy, Green Smoothie)",hors sujet,,Produits Laitiers,https://www.youtube.com/watch?v=f8mnSMox1qU
R1 signal seul,faux positif,xW9ydrJQxY4,"Margaux Lifestyle | Running, SOPK & Lipœdème",CNIEL,Mon petit déjeuner SOPK friendly : un chia porridge avec du GYN OPK,hors sujet,,Produits Laitiers,https://www.youtube.com/watch?v=xW9ydrJQxY4
R1 signal seul,faux positif,fn2gJagJtzk,Oh! La vie Est belle,CNIEL,Crêpes sarrasin,hors sujet,,Produits Laitiers,https://www.youtube.com/watch?v=fn2gJagJtzk
R2 signal + indice commercial,faux negatif,cwxOXJeZ5sk,Mister V,CNIEL,MISTER V - LES JONES,collaboration remuneree,"""Thanks to : 
Les Produits Laitiers and Adrien Dinh for following me in my projects."" >> N'est-il pas possible de scraper TOUTE la description? Pourquoi celle-ci n'a pas été enregistrée? Explique-moi comment ton outil fonctionne ou dysfonctionne",,https://www.youtube.com/watch?v=cwxOXJeZ5sk
R2 signal + indice commercial,faux negatif,TK2KM-buw7E,Valouzz,INTERBEV,Je mange comme mon perso pendant 15 jours ! (dans quoi je m'embarque),collaboration remuneree,"COLLABORATION COMMERCIALE
 ———
Vous aviez déjà remarqué vous qu’on passait beaucoup plus de temps à cuisiner dans les jeux-vidéo que dans la vraie vie ? Et même souvent plus équilibré…
 
On passe des heures à chercher les meilleurs ingrédients pour concocter des petits plats flexitariens à nos persos, et nous pendant ce temps, on se contente d’un plat vite fait entre deux games.
 
Et si on inversait ça ?
 
Manger flexitarien, c’est choisir des ingrédients de qualité IRL pour se faire plaisir en mangeant varié et dans les bonnes quantités.
C’est manger équilibré, avec une viande locale et durable, comme on le fait déjà in-game.
 
Et en plus c’est meilleur pour soi et pour nos territoires. Un véritable cheat-code.
 
Toi aussi, partage ton challenge avec #MangeCommeTonPerso
 
Découvrez-en plus sur https://naturellement-flexitariens.fr
Aimez la viande. Mangez en mieux. (regarde ce site, c'est une grosse blague)",Aimez la viande,https://www.youtube.com/watch?v=TK2KM-buw7E
R2 signal + indice commercial,faux negatif,lrreuz0RLNA,LORIS GIULIANO,CNIEL,LORIS GIULIANO - NAPOLI,collaboration remuneree,"""Remerciements 
Les Produits Laitiers
Maurizio - Lucifer Spritz & Food
Cibi Cotti…"" >> pourquoi ça n'a pas enregistré ce morceau-là?",,https://www.youtube.com/watch?v=lrreuz0RLNA
R2 signal + indice commercial,faux negatif,czykjPMc2B0,Juste Zoé,CNIEL,JE VOUS PRÉSENTE MON NOUVEAU PAPI ( il est épique ),collaboration remuneree,"la description contient ""Collaboration commerciale avec Danone. 
Depuis plus de 100 ans, @danoneyaourt accompagne les Français dans la transmission de bonnes habitudes au quotidien de génération en génération. Danone Le Nature, Danone Velouté Nature et Danone Skyr Nature sont sources de calcium et sont fabriqués avec du lait 100% Français. En savoir plus sur danone.fr"" >> c'est ça qui aurait dû être enregistré",,https://www.youtube.com/watch?v=czykjPMc2B0
R2 signal + indice commercial,faux negatif,WCG8jN-i8ZQ,FlorianOnAir,INAPORC,DEGUSTATION : Un PLAT EXQUIS par un GRAND CHEF dans un RESTO TENDANCE ! - VLOG #594,collaboration remuneree,,,https://www.youtube.com/watch?v=WCG8jN-i8ZQ
R2 signal + indice commercial,faux negatif,UXC8PGoEULg,FlorianOnAir,INAPORC,"Ce soir, c'est moi qui prépare l'APERO !! -  VLOG #688",collaboration remuneree,,,https://www.youtube.com/watch?v=UXC8PGoEULg
R2 signal + indice commercial,faux negatif,aEtOTdyWtqs,FlorianOnAir,INTERBEV,Ce TAUREAU me fait FLIPPER ! J'aide un éleveur de BOVINS !,collaboration remuneree,"lien vers un site de lobby, très probable collaboration commerciale. Est-ce que ton outil repère aussi les URL?",Made in Viande,https://www.youtube.com/watch?v=aEtOTdyWtqs
R2 signal + indice commercial,faux negatif,HUJAmqKEuwk,FlorianOnAir,INTERBEV,Je vis la vie d'un ELEVEUR d'OVINS !,collaboration remuneree,idem,Made in Viande,https://www.youtube.com/watch?v=HUJAmqKEuwk
R2 signal + indice commercial,faux negatif,iUF2Duowqow,FlorianOnAir,INTERBEV,J'achète des VACHES avec un COMMERÇANT en BESTIAUX!,collaboration remuneree,idem,Made in Viande,https://www.youtube.com/watch?v=iUF2Duowqow
R2 signal + indice commercial,faux negatif,BkFXFu1Bar8,FlorianOnAir,INTERBEV,Il a créé 1000 emplois dans sa région - Je découvre un atelier de découpe!,collaboration remuneree,idem,Made in Viande,https://www.youtube.com/watch?v=BkFXFu1Bar8
R2 signal + indice commercial,faux negatif,-cXraEfY9-I,FlorianOnAir,INTERBEV,On m'embauche dans une BOUCHERIE... et je KIFFE !,collaboration remuneree,idem,Made in Viande,https://www.youtube.com/watch?v=-cXraEfY9-I
R2 signal + indice commercial,faux negatif,aV_m2lmjWjo,FlorianOnAir,INTERBEV,Je fais des PÂTES BOLOGNAISE pour les élèves d'un lycée ! Vont-ils aimer?,collaboration remuneree,idem,Made in Viande,https://www.youtube.com/watch?v=aV_m2lmjWjo
R2 signal + indice commercial,faux negatif,2Xigk6PNknE,FlorianOnAir,ANVOL,"Mars , c'est le mois de la Volaille Française !",collaboration remuneree,"Pas de description, mais la vidéo contient le logo du lobby 'la volaille française', très très probable collaboration commerciale",Le Mois de la Volaille Francaise,https://www.youtube.com/watch?v=2Xigk6PNknE
R2 signal + indice commercial,faux negatif,CHpCoxV8PvA,Check,CNIEL,Mister V et le MQEEBD #CheckFood,collaboration remuneree,"""Partenaire: Les Produits Laitiers""",,https://www.youtube.com/watch?v=CHpCoxV8PvA
R2 signal + indice commercial,faux positif,5CFBRpwEuwU,Marché de Rungis,CNIEL,RUNGIS CHEESE CHALLENGE,hors sujet,pas des influenceurs,Produits Laitiers,https://www.youtube.com/watch?v=5CFBRpwEuwU
R2 signal + indice commercial,faux positif,2ePeGzu8LWM,Marché de Rungis,CNIEL,RUNGIS CHEESE CHALLENGE,hors sujet,pas des influenceurs,Produits Laitiers,https://www.youtube.com/watch?v=2ePeGzu8LWM
R2 signal + indice commercial,faux positif,g3C1O-tHxTE,Marché de Rungis,CNIEL,Retour en images sur la 2ème Grande Chasse à l’Œuf au Marché International de Rungis 🐣🐤🥚,hors sujet,pas des influenceurs,Produits Laitiers,https://www.youtube.com/watch?v=g3C1O-tHxTE
R2 signal + indice commercial,faux negatif,BGMMg41mqKY,Studio Danielle,CNIEL,LE TOUR DE LA GRATTE À MARSEILLE,collaboration remuneree,"""Cette vidéo est en partenariat avec Les Produits Laitiers et leur campagne En Mode Actif cofinancée par l'UE, qui vise à lutter contre la sédentarité.
Merci à eux pour leur confiance !
Avec l'Europe, passez en mode actif ! 
Collaboration commerciale - Enjoyitsfromeurope"" >> déjà repérée sur le site du CNIEL",,https://www.youtube.com/watch?v=BGMMg41mqKY
R2 signal + indice commercial,faux positif,JXptlEqWYkQ,Hervé Cuisine,CNIEL,"La meilleure tarte au citron sans œufs ni lait 🍋 Bien citronnée, moins sucrée et légère",hors sujet,,Produits Laitiers,https://www.youtube.com/watch?v=JXptlEqWYkQ
R2 signal + indice commercial,faux negatif,J98c6pMVdrc,Hervé Cuisine,CNIEL,Le flan pâtissier vanille et caramel facile et inratable,collaboration remuneree,"éJ'ai réalisé cette recette en #collaborationcommerciale avec IL LAIT LÀ, le lait vraiment engagé des fermes à côté de chez vous, riche en oméga 3 et respectueux de l'environnement."" >> Biolait",Produits Laitiers,https://www.youtube.com/watch?v=J98c6pMVdrc
"R3 signal fort, ou faible + indice",faux negatif,cwxOXJeZ5sk,Mister V,CNIEL,MISTER V - LES JONES,collaboration remuneree,"""Thanks to : 
Les Produits Laitiers and Adrien Dinh for following me in my projects."" >> N'est-il pas possible de scraper TOUTE la description? Pourquoi celle-ci n'a pas été enregistrée? Explique-moi comment ton outil fonctionne ou dysfonctionne",,https://www.youtube.com/watch?v=cwxOXJeZ5sk
"R3 signal fort, ou faible + indice",faux negatif,TK2KM-buw7E,Valouzz,INTERBEV,Je mange comme mon perso pendant 15 jours ! (dans quoi je m'embarque),collaboration remuneree,"COLLABORATION COMMERCIALE
 ———
Vous aviez déjà remarqué vous qu’on passait beaucoup plus de temps à cuisiner dans les jeux-vidéo que dans la vraie vie ? Et même souvent plus équilibré…
 
On passe des heures à chercher les meilleurs ingrédients pour concocter des petits plats flexitariens à nos persos, et nous pendant ce temps, on se contente d’un plat vite fait entre deux games.
 
Et si on inversait ça ?
 
Manger flexitarien, c’est choisir des ingrédients de qualité IRL pour se faire plaisir en mangeant varié et dans les bonnes quantités.
C’est manger équilibré, avec une viande locale et durable, comme on le fait déjà in-game.
 
Et en plus c’est meilleur pour soi et pour nos territoires. Un véritable cheat-code.
 
Toi aussi, partage ton challenge avec #MangeCommeTonPerso
 
Découvrez-en plus sur https://naturellement-flexitariens.fr
Aimez la viande. Mangez en mieux. (regarde ce site, c'est une grosse blague)",Aimez la viande,https://www.youtube.com/watch?v=TK2KM-buw7E
"R3 signal fort, ou faible + indice",faux negatif,lrreuz0RLNA,LORIS GIULIANO,CNIEL,LORIS GIULIANO - NAPOLI,collaboration remuneree,"""Remerciements 
Les Produits Laitiers
Maurizio - Lucifer Spritz & Food
Cibi Cotti…"" >> pourquoi ça n'a pas enregistré ce morceau-là?",,https://www.youtube.com/watch?v=lrreuz0RLNA
"R3 signal fort, ou faible + indice",faux negatif,czykjPMc2B0,Juste Zoé,CNIEL,JE VOUS PRÉSENTE MON NOUVEAU PAPI ( il est épique ),collaboration remuneree,"la description contient ""Collaboration commerciale avec Danone. 
Depuis plus de 100 ans, @danoneyaourt accompagne les Français dans la transmission de bonnes habitudes au quotidien de génération en génération. Danone Le Nature, Danone Velouté Nature et Danone Skyr Nature sont sources de calcium et sont fabriqués avec du lait 100% Français. En savoir plus sur danone.fr"" >> c'est ça qui aurait dû être enregistré",,https://www.youtube.com/watch?v=czykjPMc2B0
"R3 signal fort, ou faible + indice",faux negatif,WCG8jN-i8ZQ,FlorianOnAir,INAPORC,DEGUSTATION : Un PLAT EXQUIS par un GRAND CHEF dans un RESTO TENDANCE ! - VLOG #594,collaboration remuneree,,,https://www.youtube.com/watch?v=WCG8jN-i8ZQ
"R3 signal fort, ou faible + indice",faux negatif,UXC8PGoEULg,FlorianOnAir,INAPORC,"Ce soir, c'est moi qui prépare l'APERO !! -  VLOG #688",collaboration remuneree,,,https://www.youtube.com/watch?v=UXC8PGoEULg
"R3 signal fort, ou faible + indice",faux negatif,aEtOTdyWtqs,FlorianOnAir,INTERBEV,Ce TAUREAU me fait FLIPPER ! J'aide un éleveur de BOVINS !,collaboration remuneree,"lien vers un site de lobby, très probable collaboration commerciale. Est-ce que ton outil repère aussi les URL?",Made in Viande,https://www.youtube.com/watch?v=aEtOTdyWtqs
"R3 signal fort, ou faible + indice",faux negatif,HUJAmqKEuwk,FlorianOnAir,INTERBEV,Je vis la vie d'un ELEVEUR d'OVINS !,collaboration remuneree,idem,Made in Viande,https://www.youtube.com/watch?v=HUJAmqKEuwk
"R3 signal fort, ou faible + indice",faux negatif,iUF2Duowqow,FlorianOnAir,INTERBEV,J'achète des VACHES avec un COMMERÇANT en BESTIAUX!,collaboration remuneree,idem,Made in Viande,https://www.youtube.com/watch?v=iUF2Duowqow
"R3 signal fort, ou faible + indice",faux negatif,BkFXFu1Bar8,FlorianOnAir,INTERBEV,Il a créé 1000 emplois dans sa région - Je découvre un atelier de découpe!,collaboration remuneree,idem,Made in Viande,https://www.youtube.com/watch?v=BkFXFu1Bar8
"R3 signal fort, ou faible + indice",faux negatif,-cXraEfY9-I,FlorianOnAir,INTERBEV,On m'embauche dans une BOUCHERIE... et je KIFFE !,collaboration remuneree,idem,Made in Viande,https://www.youtube.com/watch?v=-cXraEfY9-I
"R3 signal fort, ou faible + indice",faux negatif,aV_m2lmjWjo,FlorianOnAir,INTERBEV,Je fais des PÂTES BOLOGNAISE pour les élèves d'un lycée ! Vont-ils aimer?,collaboration remuneree,idem,Made in Viande,https://www.youtube.com/watch?v=aV_m2lmjWjo
"R3 signal fort, ou faible + indice",faux negatif,CHpCoxV8PvA,Check,CNIEL,Mister V et le MQEEBD #CheckFood,collaboration remuneree,"""Partenaire: Les Produits Laitiers""",,https://www.youtube.com/watch?v=CHpCoxV8PvA
"R3 signal fort, ou faible + indice",faux positif,5CFBRpwEuwU,Marché de Rungis,CNIEL,RUNGIS CHEESE CHALLENGE,hors sujet,pas des influenceurs,Produits Laitiers,https://www.youtube.com/watch?v=5CFBRpwEuwU
"R3 signal fort, ou faible + indice",faux positif,2ePeGzu8LWM,Marché de Rungis,CNIEL,RUNGIS CHEESE CHALLENGE,hors sujet,pas des influenceurs,Produits Laitiers,https://www.youtube.com/watch?v=2ePeGzu8LWM
"R3 signal fort, ou faible + indice",faux positif,g3C1O-tHxTE,Marché de Rungis,CNIEL,Retour en images sur la 2ème Grande Chasse à l’Œuf au Marché International de Rungis 🐣🐤🥚,hors sujet,pas des influenceurs,Produits Laitiers,https://www.youtube.com/watch?v=g3C1O-tHxTE
"R3 signal fort, ou faible + indice",faux negatif,BGMMg41mqKY,Studio Danielle,CNIEL,LE TOUR DE LA GRATTE À MARSEILLE,collaboration remuneree,"""Cette vidéo est en partenariat avec Les Produits Laitiers et leur campagne En Mode Actif cofinancée par l'UE, qui vise à lutter contre la sédentarité.
Merci à eux pour leur confiance !
Avec l'Europe, passez en mode actif ! 
Collaboration commerciale - Enjoyitsfromeurope"" >> déjà repérée sur le site du CNIEL",,https://www.youtube.com/watch?v=BGMMg41mqKY
"R3 signal fort, ou faible + indice",faux positif,JXptlEqWYkQ,Hervé Cuisine,CNIEL,"La meilleure tarte au citron sans œufs ni lait 🍋 Bien citronnée, moins sucrée et légère",hors sujet,,Produits Laitiers,https://www.youtube.com/watch?v=JXptlEqWYkQ
"R3 signal fort, ou faible + indice",faux negatif,J98c6pMVdrc,Hervé Cuisine,CNIEL,Le flan pâtissier vanille et caramel facile et inratable,collaboration remuneree,"éJ'ai réalisé cette recette en #collaborationcommerciale avec IL LAIT LÀ, le lait vraiment engagé des fermes à côté de chez vous, riche en oméga 3 et respectueux de l'environnement."" >> Biolait",Produits Laitiers,https://www.youtube.com/watch?v=J98c6pMVdrc
